SALE TYPE,SOLD DATE,PROPERTY TYPE,ADDRESS,CITY,STATE,ZIP,PRICE,BEDS,BATHS,LOCATION,SQUARE FEET,LOT SIZE,YEAR BUILT,DAYS ON MARKET,$/SQUARE FEET,HOA/MONTH,STATUS,NEXT OPEN HOUSE START TIME,NEXT OPEN HOUSE END TIME,URL (SEE http://www.redfin.com/buy-a-home/comparative-market-analysis FOR INFO ON PRICING),SOURCE,MLS#,FAVORITE,INTERESTED,LATITUDE,LONGITUDE
PAST SALE,February-7-2017,Single Family Residential,521 Cayuga Ave,San Francisco,CA,94112,1200000,2,1.25,Mission Terrace,1500,2265,1940,26,800,,Sold,,,http://www.redfin.com/CA/San-Francisco/521-Cayuga-Ave-94112/home/812038,San Francisco MLS,453167,N,Y,37.7288599,-122.4353078
PAST SALE,February-10-2017,Condo/Co-op,95 Red Rock Way Unit 105M,San Francisco,CA,94131,590000,0,1.0,Diamond Heights,650,,1972,23,908,443,Sold,,,http://www.redfin.com/CA/San-Francisco/95-Red-Rock-Way-94131/unit-105M/home/1441007,San Francisco MLS,452726,N,Y,37.746324,-122.441517
PAST SALE,February-10-2017,Single Family Residential,3157 Baker St,San Francisco,CA,94123,3260000,5,3.5,Marina,3646,2050,2003,23,894,,Sold,,,http://www.redfin.com/CA/San-Francisco/3157-Baker-St-94123/home/848085,San Francisco MLS,451943,N,Y,37.8002181,-122.4464551
PAST SALE,February-17-2017,Single Family Residential,2594 San Jose Ave,San Francisco,CA,94112,920000,3,2.0,San Francisco,1287,2495,1960,16,,,Sold,,,http://www.redfin.com/CA/San-Francisco/2594-San-Jose-Ave-94112/home/1822379,MetroList,16067859,N,Y,37.7164354,-122.4504437
PAST SALE,February-27-2017,Single Family Residential,130 Brazil Ave,SAN FRANCISCO,CA,94112,790000,2,1.0,SAN FRANCISCO,1125,2495,1923,6,702,,Sold,,,http://www.redfin.com/CA/San-Francisco/130-Brazil-Ave-94112/home/1655522,MLSListings,ML81635907,N,Y,37.72392,-122.433735
PAST SALE,February-3-2017,Condo/Co-op,1553 Treat Ave,San Francisco,CA,94110,1275000,3,2.0,Bernal Heights,1270,,1906,30,1004,428,Sold,,,http://www.redfin.com/CA/San-Francisco/1553-Treat-Ave-94110/home/110052495,San Francisco MLS,453326,N,Y,37.7459386,-122.4123478
PAST SALE,February-16-2017,Condo/Co-op,3030-3032 Franklin St #3032,San Francisco,CA,94123,2400000,3,2.5,Marina,1894,,,17,1267,300,Sold,,,http://www.redfin.com/CA/San-Francisco/3030-Franklin-St-94123/unit-3032/home/113114271,San Francisco MLS,454302,N,Y,37.802545,-122.426112
PAST SALE,February-3-2017,Multi-Family (2-4 Unit),709-711 Lyon St,San Francisco,CA,94115,1649545,,,North Panhandle,,,,30,,,Sold,,,http://www.redfin.com/CA/San-Francisco/711-Lyon-St-94115/home/1269588,San Francisco MLS,452198,N,Y,37.777573,-122.4436122
PAST SALE,February-21-2017,Condo/Co-op,765 Market St Unit 23AB,San Francisco,CA,94103,5724000,4,4.5,South of Market,3594,,2001,12,1593,4413,Sold,,,http://www.redfin.com/CA/San-Francisco/765-Market-St-94103/unit-23AB/home/103713814,San Francisco MLS,441850,N,Y,37.786212,-122.404303
PAST SALE,March-1-2017,Condo/Co-op,3053 Franklin St,San Francisco,CA,94123,1375000,2,1.5,Marina,1625,,1924,4,846,180,Sold,,,http://www.redfin.com/CA/San-Francisco/3053-Franklin-St-94123/home/1198235,San Francisco MLS,454237,N,Y,37.802705,-122.426801
PAST SALE,March-2-2017,Condo/Co-op,179 Douglass St #1,San Francisco,CA,94114,895000,1,1.0,Eureka Valley/Dolore,808,,1932,3,1108,365,Sold,,,http://www.redfin.com/CA/San-Francisco/179-Douglass-St-94114/unit-1/home/12352991,San Francisco MLS,454000,N,Y,37.761105,-122.439061
PAST SALE,February-22-2017,Condo/Co-op,2501 Harrison St #14,San Francisco,CA,94110,1108000,1,1.5,Inner Mission,1199,,2001,11,924,365,Sold,,,http://www.redfin.com/CA/San-Francisco/2501-Harrison-St-94110/unit-14/home/12397388,San Francisco MLS,453918,N,Y,37.7572201,-122.4119972
PAST SALE,February-27-2017,Single Family Residential,1558 Grove St,San Francisco,CA,94117,3500000,3,3.0,North Panhandle,,3436,1900,6,,,Sold,,,http://www.redfin.com/CA/San-Francisco/1558-Grove-St-94117/home/593985,San Francisco MLS,454530,N,Y,37.7756479,-122.442424
PAST SALE,February-23-2017,Condo/Co-op,3235 Gough St #204,San Francisco,CA,94123,754960,2,1.0,Marina,886,,1927,10,852,440,Sold,,,http://www.redfin.com/CA/San-Francisco/3235-Gough-St-94123/unit-204/home/28890235,San Francisco MLS,450373,N,Y,37.803216,-122.428658
PAST SALE,March-1-2017,Single Family Residential,579 34th Ave,San Francisco,CA,94121,1320000,2,1.0,Outer Richmond,1295,2996,1928,4,1019,,Sold,,,http://www.redfin.com/CA/San-Francisco/579-34th-Ave-94121/home/609974,San Francisco MLS,453794,N,Y,37.778132,-122.494598
PAST SALE,March-1-2017,Condo/Co-op,900 Bush St #806,San Francisco,CA,94109,715000,1,1.0,Downtown,730,,,4,979,827,Sold,,,http://www.redfin.com/CA/San-Francisco/900-Bush-St-94109/unit-806/home/1871297,San Francisco MLS,453733,N,Y,37.7899818,-122.4125107
PAST SALE,February-6-2017,Condo/Co-op,325 Berry St #717,San Francisco,CA,94158,960000,1,1.0,Mission Bay,741,,2007,27,1296,537,Sold,,,http://www.redfin.com/CA/San-Francisco/325-Berry-St-94158/unit-717/home/17304546,San Francisco MLS,453745,N,Y,37.7734128,-122.3957474
PAST SALE,February-24-2017,Multi-Family (2-4 Unit),954 Ingerson Ave,San Francisco,CA,94124,1042500,7,4.0,Bayview,3076,2500,1910,9,339,,Sold,,,http://www.redfin.com/CA/San-Francisco/954-Ingerson-Ave-94124/home/1015770,San Francisco MLS,444631,N,Y,37.7187773,-122.3920304
PAST SALE,February-17-2017,Condo/Co-op,2545 Post St #1,San Francisco,CA,94115,1835000,3,2.0,Lower Pacific Height,1902,,1988,16,965,350,Sold,,,http://www.redfin.com/CA/San-Francisco/2545-Post-St-94115/unit-1/home/12402276,San Francisco MLS,453697,N,Y,37.7836916,-122.4438323
PAST SALE,February-21-2017,Condo/Co-op,1310 Fillmore St #804,San Francisco,CA,94115,837000,1,1.0,Western Addition,858,,2007,12,976,624,Sold,,,http://www.redfin.com/CA/San-Francisco/1310-Fillmore-St-94115/unit-804/home/17306826,San Francisco MLS,453579,N,Y,37.7816448,-122.4320375
PAST SALE,February-17-2017,Single Family Residential,438 Monterey Blvd,San Francisco,CA,94127,1075000,2,1.0,Sunnyside,1025,2500,1925,16,1049,,Sold,,,http://www.redfin.com/CA/San-Francisco/438-Monterey-Blvd-94127/home/1102402,San Francisco MLS,453577,N,Y,37.731836,-122.445227
PAST SALE,February-10-2017,Multi-Family (2-4 Unit),478-480 10th Ave,San Francisco,CA,94118,1810000,4,4.0,Inner Richmond,3634,2996,1915,23,498,,Sold,,,http://www.redfin.com/CA/San-Francisco/480-10th-Ave-94118/home/2030959,San Francisco MLS,453006,N,Y,37.7791245,-122.4683334
PAST SALE,March-2-2017,Single Family Residential,9 De Soto St,San Francisco,CA,94127,2550000,5,3.5,Ingleside Terrace,4108,5533,,3,621,,Sold,,,http://www.redfin.com/CA/San-Francisco/9-De-Soto-St-94127/home/1744299,San Francisco MLS,454297,N,Y,37.7219569,-122.4667917
PAST SALE,March-1-2017,Condo/Co-op,2020 Ellis St #203,San Francisco,CA,94115,715000,1,1.0,Anza Vista,638,,2012,4,1121,503,Sold,,,http://www.redfin.com/CA/San-Francisco/2020-Ellis-St-94115/unit-203/home/55244661,San Francisco MLS,453746,N,Y,37.7816728,-122.4394793
PAST SALE,February-21-2017,Condo/Co-op,2189 Bayshore Blvd #201,San Francisco,CA,94134,875000,3,3.0,Little Hollywood,1750,,2009,12,500,428,Sold,,,http://www.redfin.com/CA/San-Francisco/2189-Bayshore-Blvd-94134/unit-201/home/21995014,San Francisco MLS,453333,N,Y,37.7123064,-122.4012139
PAST SALE,February-16-2017,Single Family Residential,1438 29th Ave,San Francisco,CA,94122,1130000,2,1.5,Central Sunset,1850,3000,1928,17,611,,Sold,,,http://www.redfin.com/CA/San-Francisco/1438-29th-Ave-94122/home/1350741,San Francisco MLS,452564,N,Y,37.760482,-122.487328
PAST SALE,March-3-2017,Condo/Co-op,3121 20th St #4,San Francisco,CA,94110,1700000,3,2.5,Inner Mission,2191,,1997,2,776,450,Sold,,,http://www.redfin.com/CA/San-Francisco/3121-20th-St-94110/unit-4/home/12396597,San Francisco MLS,454142,N,Y,37.7588537,-122.41199
PAST SALE,February-23-2017,Single Family Residential,2701 Taraval St,San Francisco,CA,94116,1186000,2,2.0,Outer Parkside,1200,2063,1947,10,988,,Sold,,,http://www.redfin.com/CA/San-Francisco/2701-Taraval-St-94116/home/1685668,San Francisco MLS,453750,N,Y,37.7420422,-122.4951694
PAST SALE,February-24-2017,Condo/Co-op,77 Grattan St,San Francisco,CA,94117,910000,1,1.0,Parnassus/Ashbury Heights,768,,1907,9,1185,250,Sold,,,http://www.redfin.com/CA/San-Francisco/77-Grattan-St-94117/home/28679689,San Francisco MLS,453235,N,Y,37.7639483,-122.449323
PAST SALE,February-24-2017,Single Family Residential,227 Douglass St,San Francisco,CA,94114,2700000,3,3.0,Eureka Valley/Dolore,,3125,1900,9,,,Sold,,,http://www.redfin.com/CA/San-Francisco/227-Douglass-St-94114/home/1741516,San Francisco MLS,454060,N,Y,37.7598399,-122.438936
PAST SALE,February-22-2017,Condo/Co-op,3993 Washington St,San Francisco,CA,94118,2650000,2,2.5,Presidio Heights,1945,,1905,11,1362,500,Sold,,,http://www.redfin.com/CA/San-Francisco/3993-Washington-St-94118/home/1313593,San Francisco MLS,454387,N,Y,37.788285,-122.459025
PAST SALE,March-3-2017,Condo/Co-op,1221 Harrison St #28,San Francisco,CA,94103,875000,1,2.0,South of Market,1185,,2004,2,738,542,Sold,,,http://www.redfin.com/CA/San-Francisco/1221-Harrison-St-94103/unit-28/home/1275616,San Francisco MLS,455189,N,Y,37.7731279,-122.4087672
PAST SALE,March-1-2017,Condo/Co-op,631 Folsom St Unit 8C,San Francisco,CA,94107,1120000,2,2.0,Yerba Buena,1054,,1945,4,1063,794,Sold,,,http://www.redfin.com/CA/San-Francisco/631-Folsom-St-94107/unit-8C/home/21966651,San Francisco MLS,453814,N,Y,37.7848176,-122.3969578
PAST SALE,February-24-2017,Single Family Residential,1290 Portola Dr,San Francisco,CA,94127,1724000,3,2.5,West Portal,2352,5248,1925,9,733,,Sold,,,http://www.redfin.com/CA/San-Francisco/1290-Portola-Dr-94127/home/687552,San Francisco MLS,448606,N,Y,37.7402268,-122.4632508
PAST SALE,February-3-2017,Condo/Co-op,433 MIddle Burnett Ave Unit Middl,San Francisco,CA,94131,1079000,2,2.0,Twin Peaks,,,1975,30,,,Sold,,,http://www.redfin.com/CA/San-Francisco/433-MIddle-Burnett-Ave-94131/unit-Middl/home/112934171,San Francisco MLS,453785,N,Y,37.755478,-122.443878
PAST SALE,February-3-2017,Multi-Family (2-4 Unit),433 Burnett Ave,San Francisco,CA,94131,2401000,5,5.0,Twin Peaks,2466,3863,1975,30,974,,Sold,,,http://www.redfin.com/CA/San-Francisco/433-Burnett-Ave-94131/home/1895107,San Francisco MLS,453761,N,Y,37.755476,-122.443876
PAST SALE,March-1-2017,Single Family Residential,76 Florentine St,San Francisco,CA,94112,725000,3,2.0,Crocker Amazon,1111,2500,,4,653,,Sold,,,http://www.redfin.com/CA/San-Francisco/76-Florentine-St-94112/home/795383,San Francisco MLS,449526,N,Y,37.7121864,-122.4436635
PAST SALE,February-15-2017,Multi-Family (5+ Unit),258 Valley St,San Francisco,CA,94131,1850000,5,,Noe Valley,3623,2962,1936,18,511,,Sold,,,http://www.redfin.com/CA/San-Francisco/258-Valley-St-94131/home/1923260,San Francisco MLS,452905,N,Y,37.744661,-122.428097
PAST SALE,March-3-2017,Condo/Co-op,425 1st St #5401,SAN FRANCISCO,CA,94105,2050000,2,2.0,SAN FRANCISCO,1042,56024,2008,2,1967,878,Sold,,,http://www.redfin.com/CA/San-Francisco/425-1st-St-94105/unit-5401/home/17304782,MLSListings,ML81635861,N,Y,37.7861411,-122.392459
PAST SALE,March-3-2017,Multi-Family (2-4 Unit),1309 Hayes St,San Francisco,CA,94117,2300000,8,3.0,North Panhandle,4340,3436,1900,2,530,,Sold,,,http://www.redfin.com/CA/San-Francisco/1309-Hayes-St-94117/home/1676338,San Francisco MLS,453687,N,Y,37.7747126,-122.4383788
PAST SALE,February-27-2017,Condo/Co-op,920 Baker St Unit A,San Francisco,CA,94118,1030000,2,1.0,Anza Vista,950,,2003,6,1084,300,Sold,,,http://www.redfin.com/CA/San-Francisco/920-Baker-St-94115/unit-A/home/879524,San Francisco MLS,453811,N,Y,37.7797615,-122.4415114
PAST SALE,February-24-2017,Single Family Residential,440 Myra Way,San Francisco,CA,94127,1175000,2,1.0,Miraloma Park,1087,2117,1949,9,1081,,Sold,,,http://www.redfin.com/CA/San-Francisco/440-Myra-Way-94127/home/688188,San Francisco MLS,453847,N,Y,37.737172,-122.452584
PAST SALE,February-7-2017,Condo/Co-op,444 Collingwood St,San Francisco,CA,94114,2100000,3,3.0,Eureka Valley/Dolore,2383,,1968,26,881,350,Sold,,,http://www.redfin.com/CA/San-Francisco/444-Collingwood-St-94114/home/40625934,San Francisco MLS,453832,N,Y,37.75524,-122.4359
PAST SALE,March-3-2017,Single Family Residential,51 Nebraska St,SAN FRANCISCO,CA,94110,1450000,4,2.0,SAN FRANCISCO,1785,2500,1970,2,812,,Sold,,,http://www.redfin.com/CA/San-Francisco/51-Nebraska-St-94110/home/1955879,MLSListings,ML81637034,N,Y,37.7404861,-122.4102898
PAST SALE,March-2-2017,Single Family Residential,351 Lakeshore Dr,San Francisco,CA,94132,1630000,4,3.5,Lake Shore,1995,3136,1952,3,817,,Sold,,,http://www.redfin.com/CA/San-Francisco/351-Lakeshore-Dr-94132/home/1923617,San Francisco MLS,454377,N,Y,37.73258,-122.4973
PAST SALE,February-28-2017,Condo/Co-op,118 Eureka St,San Francisco,CA,94114,1525000,2,1.5,Eureka Valley/Dolore,1335,,,5,1142,260,Sold,,,http://www.redfin.com/CA/San-Francisco/118-Eureka-St-94114/home/12276959,San Francisco MLS,453371,N,Y,37.760277,-122.438542
PAST SALE,March-3-2017,Single Family Residential,4348 23rd St,San Francisco,CA,94114,4120000,4,3.5,Noe Valley,3408,2848,1901,2,1209,,Sold,,,http://www.redfin.com/CA/San-Francisco/4348-23rd-St-94114/home/2027279,San Francisco MLS,454038,N,Y,37.752806,-122.439747
PAST SALE,February-16-2017,Condo/Co-op,1754 Larkin St #5,San Francisco,CA,94109,790000,1,1.0,Nob Hill,,,1910,17,,275,Sold,,,http://www.redfin.com/CA/San-Francisco/1754-Larkin-St-94109/unit-5/home/11892981,San Francisco MLS,453368,N,Y,37.794201,-122.419456
PAST SALE,March-3-2017,Vacant Land,3310-3316 Mission St,San Francisco,CA,94110,2200000,,,Bernal Heights,,4573,,2,,,Sold,,,http://www.redfin.com/CA/San-Francisco/3316-Mission-St-94110/home/109321590,San Francisco MLS,451808,N,Y,37.7438864,-122.4215027
PAST SALE,February-28-2017,Single Family Residential,379 Lakeshore Dr,San Francisco,CA,94132,1260000,3,1.0,Lake Shore,1416,3219,1952,5,890,,Sold,,,http://www.redfin.com/CA/San-Francisco/379-Lakeshore-Dr-94132/home/1990970,San Francisco MLS,452742,N,Y,37.7330534,-122.4967717
PAST SALE,February-16-2017,Multi-Family (2-4 Unit),3708-3710 Sacramento St,San Francisco,CA,94118,2850000,4,2.0,Presidio Heights,2743,2567,1900,17,1039,,Sold,,,http://www.redfin.com/CA/San-Francisco/3710-Sacramento-St-94118/home/1942643,San Francisco MLS,453246,N,Y,37.7874248,-122.4539873
PAST SALE,February-3-2017,Condo/Co-op,2225 23rd St #403,San Francisco,CA,94107,545000,1,1.0,Potrero Hill,458,,1989,30,1190,450,Sold,,,http://www.redfin.com/CA/San-Francisco/2225-23rd-St-94107/unit-403/home/1309651,San Francisco MLS,453554,N,Y,37.7543745,-122.4021556
PAST SALE,February-3-2017,Condo/Co-op,35 Dolores St #107,San Francisco,CA,94103,1540000,2,2.0,Mission Dolores,1163,,2015,30,1324,507,Sold,,,http://www.redfin.com/CA/San-Francisco/35-Dolores-St-94103/unit-107/home/67340010,San Francisco MLS,452942,N,Y,37.7686054,-122.4265343
PAST SALE,February-17-2017,Condo/Co-op,631 Folsom St Unit 6C,San Francisco,CA,94107,1105000,2,2.0,Yerba Buena,1054,,2009,16,1048,794,Sold,,,http://www.redfin.com/CA/San-Francisco/631-Folsom-St-94107/unit-6C/home/21965628,San Francisco MLS,453846,N,Y,37.7848176,-122.3969578
PAST SALE,March-3-2017,Single Family Residential,990 Randolph St,San Francisco,CA,94132,960000,2,1.0,Ingleside Heights,1375,2526,1940,2,698,,Sold,,,http://www.redfin.com/CA/San-Francisco/990-Randolph-St-94132/home/1769585,San Francisco MLS,453821,N,Y,37.7149209,-122.47123
PAST SALE,February-17-2017,Single Family Residential,219 Crescent Ave,San Francisco,CA,94110,1285000,2,2.5,Bernal Heights,1250,2495,,16,1028,,Sold,,,http://www.redfin.com/CA/San-Francisco/219-Crescent-Ave-94110/home/2011617,San Francisco MLS,453511,N,Y,37.735258,-122.419717
PAST SALE,February-28-2017,Single Family Residential,351 Niagara,San Francisco,CA,94112,980000,2,1.0,Outer Mission,1211,,1939,5,809,,Sold,,,http://www.redfin.com/CA/San-Francisco/351-Niagara-Ave-94112/home/2022588,San Francisco MLS,453942,N,Y,37.7190311,-122.4469176
PAST SALE,March-2-2017,Condo/Co-op,2231 15th St,San Francisco,CA,94114,2630000,3,3.0,Duboce Triangle,2142,,1900,3,1228,467,Sold,,,http://www.redfin.com/CA/San-Francisco/2231-15th-St-94114/home/1413093,San Francisco MLS,453759,N,Y,37.7656701,-122.4339853
PAST SALE,February-3-2017,Condo/Co-op,433 Upper Burnett Ave,San Francisco,CA,94131,1322000,2,2.0,Twin Peaks,,,1975,30,,,Sold,,,http://www.redfin.com/CA/San-Francisco/433-Burnett-Ave-94131/Uppr/home/112933722,San Francisco MLS,453780,N,Y,37.755476,-122.443876
PAST SALE,February-9-2017,Single Family Residential,712 Brazil Ave,San Francisco,CA,94112,710000,4,2.0,Excelsior,1350,2500,1900,24,526,,Sold,,,http://www.redfin.com/CA/San-Francisco/712-Brazil-Ave-94112/home/1336367,San Francisco MLS,448727,N,Y,37.7218044,-122.4290802
PAST SALE,February-7-2017,Condo/Co-op,2192 Pacific Ave,San Francisco,CA,94115,1625000,2,2.0,Pacific Heights,1494,,1950,26,1088,467,Sold,,,http://www.redfin.com/CA/San-Francisco/2192-Pacific-Ave-94115/unit-2192/home/1554670,San Francisco MLS,452291,N,Y,37.7939429,-122.4311982
PAST SALE,February-9-2017,Condo/Co-op,809-811 Pierce #809,San Francisco,CA,94117,1350000,3,2.0,Alamo Square,1800,,1894,24,750,,Sold,,,http://www.redfin.com/CA/San-Francisco/811-Pierce-St-94117/unit-809/home/113068771,San Francisco MLS,454491,N,Y,37.7777305,-122.4350874
PAST SALE,February-9-2017,Condo/Co-op,1650 Broadway #602,San Francisco,CA,94109,3725000,3,3.0,Pacific Heights,1943,,2016,24,1917,1129,Sold,,,http://www.redfin.com/CA/San-Francisco/1650-Broadway-94109/unit-602/home/108439763,San Francisco MLS,448402,N,Y,37.795913,-122.424471
PAST SALE,February-28-2017,Condo/Co-op,2200 Pacific Ave Unit 3D,San Francisco,CA,94115,1540000,2,2.0,Pacific Heights,1850,,1962,5,832,1150,Sold,,,http://www.redfin.com/CA/San-Francisco/2200-Pacific-Ave-94115/unit-3D/home/566793,San Francisco MLS,449888,N,Y,37.7939042,-122.4317493
PAST SALE,February-24-2017,Single Family Residential,3060 Pacific Ave,San Francisco,CA,94115,10250000,6,5.5,Pacific Heights,,,1927,9,,,Sold,,,http://www.redfin.com/CA/San-Francisco/3060-Pacific-Ave-94115/home/1199174,San Francisco MLS,454281,N,Y,37.792233,-122.445654
PAST SALE,February-27-2017,Single Family Residential,145 Joost Ave,San Francisco,CA,94131,1800000,4,2.5,Sunnyside,2575,2495,1978,6,699,,Sold,,,http://www.redfin.com/CA/San-Francisco/145-Joost-Ave-94131/home/1607390,San Francisco MLS,453762,N,Y,37.7322071,-122.4385722
PAST SALE,February-24-2017,Single Family Residential,232 Corbett Ave,San Francisco,CA,94114,2160000,2,2.5,Corona Heights,1900,1694,1914,9,1137,,Sold,,,http://www.redfin.com/CA/San-Francisco/232-Corbett-Ave-94114/home/1147990,San Francisco MLS,452527,N,Y,37.7616352,-122.4435038
PAST SALE,February-24-2017,Single Family Residential,371 Douglass St,San Francisco,CA,94114,2450000,3,2.5,Eureka Valley/Dolore,2005,3123,1914,9,1222,,Sold,,,http://www.redfin.com/CA/San-Francisco/371-Douglass-St-94114/home/1042755,San Francisco MLS,453823,N,Y,37.7579009,-122.438753
PAST SALE,February-24-2017,Single Family Residential,124 Lily St,San Francisco,CA,94102,3250000,4,3.5,San Francisco County,2798,1394,2009,9,1162,,Sold,,,http://www.redfin.com/CA/San-Francisco/124-Lily-St-94102/home/25675664,BAREIS,21701769,N,Y,37.7746039,-122.423077
PAST SALE,March-3-2017,Condo/Co-op,2002 3rd St #219,San Francisco,CA,94107,995000,2,2.0,Central Waterfront,1139,,2002,2,874,467,Sold,,,http://www.redfin.com/CA/San-Francisco/2002-3rd-St-94107/unit-219/home/12397994,San Francisco MLS,453715,N,Y,37.7639982,-122.3891506
PAST SALE,February-24-2017,Multi-Family (2-4 Unit),78-80 Barcelona Ave,San Francisco,CA,94115,1800000,4,2.0,Anza Vista,2934,4038,1948,9,613,,Sold,,,http://www.redfin.com/CA/San-Francisco/80-Barcelona-Ave-94115/home/1937683,San Francisco MLS,451901,N,Y,37.7807942,-122.4444746
PAST SALE,February-3-2017,Single Family Residential,2659 23rd Ave,San Francisco,CA,94116,961000,2,2.0,Parkside,1550,3197,1925,30,620,,Sold,,,http://www.redfin.com/CA/San-Francisco/2659-23rd-Ave-94116/home/1478146,San Francisco MLS,453758,N,Y,37.737975,-122.479965
PAST SALE,February-16-2017,Multi-Family (2-4 Unit),4533 18th St,San Francisco,CA,94114,2620000,5,3.0,Eureka Valley/Dolore,3560,2692,1930,17,736,,Sold,,,http://www.redfin.com/CA/San-Francisco/4533-18th-St-94114/home/675845,San Francisco MLS,450651,N,Y,37.760397,-122.4402145
PAST SALE,February-17-2017,Single Family Residential,478 Anderson St,San Francisco,CA,94110,1080000,2,2.0,Bernal Heights,1155,1751,1914,16,935,,Sold,,,http://www.redfin.com/CA/San-Francisco/478-Anderson-St-94110/home/765195,San Francisco MLS,453729,N,Y,37.7374501,-122.4155007
PAST SALE,February-24-2017,Condo/Co-op,1587 15th St #401,San Francisco,CA,94103,965000,2,1.0,Inner Mission,1048,,2007,9,921,591,Sold,,,http://www.redfin.com/CA/San-Francisco/1587-15th-St-94103/unit-401/home/12277624,San Francisco MLS,453567,N,Y,37.766489,-122.41949
PAST SALE,February-17-2017,Condo/Co-op,3051 b California,San Francisco,CA,94115,2050000,3,4.0,Pacific Heights,2047,,,16,1001,433,Sold,,,http://www.redfin.com/CA/San-Francisco/3051-California-St-94115/unit-A/home/55750719,San Francisco MLS,451183,N,Y,37.787233,-122.444557
PAST SALE,February-22-2017,Condo/Co-op,1570 Chestnut St,San Francisco,CA,94123,1825000,2,1.0,Marina,,,1923,11,,270,Sold,,,http://www.redfin.com/CA/San-Francisco/1570-Chestnut-St-94123/home/559869,San Francisco MLS,453902,N,Y,37.801997,-122.429221
PAST SALE,March-1-2017,Condo/Co-op,4165 Cesar Chavez St,San Francisco,CA,94131,1420000,3,2.0,Noe Valley,,,1977,4,,250,Sold,,,http://www.redfin.com/CA/San-Francisco/4165-Cesar-Chavez-St-94131/home/12243791,San Francisco MLS,454123,N,Y,37.747102,-122.43274
PAST SALE,February-21-2017,Single Family Residential,218 Ordway St,San Francisco,CA,94134,722000,2,1.0,Visitacion Valley,836,1873,1952,12,864,,Sold,,,http://www.redfin.com/CA/San-Francisco/218-Ordway-St-94134/home/1591906,San Francisco MLS,453172,N,Y,37.7199527,-122.4030442
PAST SALE,March-3-2017,Condo/Co-op,855 Folsom St #929,San Francisco,CA,94107,905000,1,1.0,Yerba Buena,,,2001,2,,518,Sold,,,http://www.redfin.com/CA/San-Francisco/855-Folsom-St-94107/unit-929/home/12398161,San Francisco MLS,453863,N,Y,37.7807737,-122.4021633
PAST SALE,February-3-2017,Single Family Residential,61 Prosper St,San Francisco,CA,94114,3225000,4,2.0,Eureka Valley/Dolore,2874,2000,1890,30,1122,,Sold,,,http://www.redfin.com/CA/San-Francisco/61-Prosper-St-94114/home/1855166,San Francisco MLS,453804,N,Y,37.7633754,-122.4313742
PAST SALE,February-3-2017,Single Family Residential,555 Athens St,San Francisco,CA,94112,948000,2,1.25,Excelsior,1500,2500,1925,30,632,,Sold,,,http://www.redfin.com/CA/San-Francisco/555-Athens-St-94112/home/1167656,San Francisco MLS,450813,N,Y,37.719099,-122.430006
PAST SALE,February-3-2017,Single Family Residential,624 Brussels St,San Francisco,CA,94134,785000,2,1.0,Portola,1125,3000,1910,30,698,,Sold,,,http://www.redfin.com/CA/San-Francisco/624-Brussels-St-94134/home/780041,San Francisco MLS,452834,N,Y,37.724268,-122.404731
PAST SALE,March-2-2017,Condo/Co-op,260 King St #517,San Francisco,CA,94107,688000,1,1.0,Mission Bay,759,,2004,3,906,716,Sold,,,http://www.redfin.com/CA/San-Francisco/260-King-St-94107/unit-517/home/12331050,San Francisco MLS,453614,N,Y,37.7772049,-122.3940134
PAST SALE,February-28-2017,Condo/Co-op,4057 23rd St,San Francisco,CA,94114,1652000,2,3.0,Noe Valley,1553,,1906,5,1064,256,Sold,,,http://www.redfin.com/CA/San-Francisco/4057-23rd-St-94114/home/12353043,San Francisco MLS,454286,N,Y,37.7527796,-122.433249
PAST SALE,March-2-2017,Condo/Co-op,870 North Point St #202,San Francisco,CA,94109,2118000,3,2.0,Russian Hill,1511,,1995,3,1402,754,Sold,,,http://www.redfin.com/CA/San-Francisco/870-N-Point-St-94109/unit-202/home/1152639,San Francisco MLS,453757,N,Y,37.8058155,-122.4215375
PAST SALE,February-21-2017,Condo/Co-op,1792 Green St,San Francisco,CA,94123,1150000,2,1.0,Pacific Heights,1012,,1922,12,1136,375,Sold,,,http://www.redfin.com/CA/San-Francisco/1792-Green-St-94123/home/17305244,San Francisco MLS,454992,N,Y,37.7971974,-122.4285275
PAST SALE,February-8-2017,Condo/Co-op,2225 23rd St #118,San Francisco,CA,94107,615000,1,1.0,Potrero Hill,602,,1989,25,1022,471,Sold,,,http://www.redfin.com/CA/San-Francisco/2225-23rd-St-94107/unit-118/home/735718,San Francisco MLS,453112,N,Y,37.7543745,-122.4021556
PAST SALE,February-6-2017,Condo/Co-op,1169 Dolores St,San Francisco,CA,94110,1550000,3,2.0,Noe Valley,,,,27,,,Sold,,,http://www.redfin.com/CA/San-Francisco/1169-Dolores-St-94110/home/12277328,San Francisco MLS,454374,N,Y,37.750752,-122.424622
PAST SALE,February-21-2017,Single Family Residential,506 Banks St,San Francisco,CA,94110,820000,2,1.0,Bernal Heights,1000,1751,1925,12,820,,Sold,,,http://www.redfin.com/CA/San-Francisco/506-Banks-St-94110/home/1362522,San Francisco MLS,454960,N,Y,37.7368549,-122.4130757
PAST SALE,March-2-2017,Condo/Co-op,564 Shotwell St,San Francisco,CA,94110,1530000,3,2.0,Inner Mission,1569,,1928,3,975,400,Sold,,,http://www.redfin.com/CA/San-Francisco/564-Shotwell-St-94110/home/852565,San Francisco MLS,454010,N,Y,37.7594596,-122.4160363
PAST SALE,February-10-2017,Condo/Co-op,201 Harrison St #909,San Francisco,CA,94105,725000,1,1.0,South Beach,661,,1991,23,1097,632,Sold,,,http://www.redfin.com/CA/San-Francisco/201-Harrison-St-94105/unit-909/home/724650,San Francisco MLS,453818,N,Y,37.7876582,-122.3905155
PAST SALE,February-10-2017,Single Family Residential,1311 Buchanan St,San Francisco,CA,94115,1200000,3,2.0,Western Addition,,,2007,23,,,Sold,,,http://www.redfin.com/CA/San-Francisco/1311-Buchanan-St-94115/home/17306819,San Francisco MLS,453463,N,Y,37.7822938,-122.4292929
PAST SALE,March-3-2017,Condo/Co-op,439 Arkansas St,San Francisco,CA,94107,2340000,3,2.0,Potrero Hill,2307,,1980,2,1014,275,Sold,,,http://www.redfin.com/CA/San-Francisco/439-Arkansas-St-94107/home/21666627,San Francisco MLS,454056,N,Y,37.7607228,-122.3980419
PAST SALE,February-10-2017,Single Family Residential,26 St Marys Ave,San Francisco,CA,94112,1155000,2,1.0,Bernal Heights,,2045,1904,23,,,Sold,,,http://www.redfin.com/CA/San-Francisco/26-Saint-Marys-Ave-94112/home/917006,San Francisco MLS,453734,N,Y,37.734342,-122.4265
PAST SALE,February-15-2017,Condo/Co-op,2827 Pierce St,San Francisco,CA,94123,1990000,3,3.0,Cow Hollow,1886,,1939,18,1055,693,Sold,,,http://www.redfin.com/CA/San-Francisco/2827-Pierce-St-94123/home/1925847,San Francisco MLS,453935,N,Y,37.796101,-122.438994
PAST SALE,February-23-2017,Condo/Co-op,420 Mission Bay Blvd #1203,San Francisco,CA,94158,1835000,2,2.0,Mission Bay,,,2012,10,,812,Sold,,,http://www.redfin.com/CA/San-Francisco/420-Mission-Bay-Blvd-N-94158/unit-1203/home/40519694,San Francisco MLS,453329,N,Y,37.7712178,-122.3879252
PAST SALE,February-24-2017,Condo/Co-op,246 2nd St #905,San Francisco,CA,94111,810000,1,1.0,Yerba Buena,650,,2000,9,1246,532,Sold,,,http://www.redfin.com/CA/San-Francisco/246-2nd-St-94105/unit-905/home/877585,San Francisco MLS,454294,N,Y,37.7857744,-122.3973657
PAST SALE,March-1-2017,Condo/Co-op,33 Pond St,San Francisco,CA,94114,1435000,2,2.0,Eureka Valley/Dolore,,,1900,4,,356,Sold,,,http://www.redfin.com/CA/San-Francisco/33-Pond-St-94114/home/1121153,San Francisco MLS,454178,N,Y,37.76371,-122.432051
PAST SALE,February-28-2017,Townhouse,425 14th St #5,San Francisco,CA,94103,1955000,3,2.5,Mission Dolores,1952,,2001,5,1002,698,Sold,,,http://www.redfin.com/CA/San-Francisco/425-14th-St-94103/unit-5/home/1329518,San Francisco MLS,453525,N,Y,37.7678924,-122.4228112
PAST SALE,February-24-2017,Condo/Co-op,8200 Oceanview Ter #420,San Francisco,CA,94132,650000,2,2.0,Ingleside Heights,948,,2002,9,686,484,Sold,,,http://www.redfin.com/CA/San-Francisco/8200-Ocean-View-Ter-94132/unit-420/home/1762299,San Francisco MLS,454902,N,Y,37.710275,-122.4674343
PAST SALE,March-3-2017,Single Family Residential,2471 41st Ave,San Francisco,CA,94116,950000,2,1.0,Outer Parkside,962,2996,1947,2,988,,Sold,,,http://www.redfin.com/CA/San-Francisco/2471-41st-Ave-94116/home/1992850,San Francisco MLS,451861,N,Y,37.740684,-122.499498
PAST SALE,February-3-2017,Multi-Family (2-4 Unit),4839-4841 Mission St,San Francisco,CA,94112,825000,2,1.0,Excelsior,1925,2086,1909,30,429,,Sold,,,http://www.redfin.com/CA/San-Francisco/4839-Mission-St-94112/home/108517072,San Francisco MLS,448780,N,Y,37.7208102,-122.437333
PAST SALE,February-28-2017,Single Family Residential,639 Joost Ave,San Francisco,CA,94127,1607000,4,2.0,Sunnyside,2443,2495,1900,5,658,,Sold,,,http://www.redfin.com/CA/San-Francisco/639-Joost-Ave-94127/home/1063521,San Francisco MLS,454194,N,Y,37.732089,-122.449795
PAST SALE,February-28-2017,Single Family Residential,1462 Newcomb Ave,San Francisco,CA,94124,800000,2,2.0,Bayview,1746,2500,1922,5,458,,Sold,,,http://www.redfin.com/CA/San-Francisco/1462-Newcomb-Ave-94124/home/1353088,San Francisco MLS,453369,N,Y,37.733969,-122.38704
PAST SALE,February-3-2017,Multi-Family (2-4 Unit),255-257 Connecticut St,San Francisco,CA,94107,2150000,5,2.0,Potrero Hill,,3998,1914,30,,,Sold,,,http://www.redfin.com/CA/San-Francisco/257-Connecticut-St-94107/home/1868363,San Francisco MLS,453081,N,Y,37.7630849,-122.3972786
PAST SALE,February-24-2017,Multi-Family (5+ Unit),3800 Mission St,San Francisco,CA,94110,1850000,4,,Bernal Heights,4610,2495,1910,9,401,,Sold,,,http://www.redfin.com/CA/San-Francisco/3800-Mission-St-94110/home/108416726,San Francisco MLS,448248,N,Y,37.7359309,-122.424525
PAST SALE,February-3-2017,Multi-Family (2-4 Unit),1944-1946 Clement St,San Francisco,CA,94121,1627000,,,Central Richmond,3500,2500,,30,465,,Sold,,,http://www.redfin.com/CA/San-Francisco/1944-Clement-St-94121/home/109837092,San Francisco MLS,452557,N,Y,37.7824515,-122.480377
PAST SALE,February-10-2017,Single Family Residential,160 Swiss Ave,San Francisco,CA,94131,1860000,3,2.0,Glen Park,1575,2491,1961,23,1181,,Sold,,,http://www.redfin.com/CA/San-Francisco/160-Swiss-Ave-94131/home/1891115,San Francisco MLS,453248,N,Y,37.7359888,-122.4380975
PAST SALE,March-2-2017,Single Family Residential,45 Montecito Ave,San Francisco,CA,94112,1350000,2,1.0,Westwood Park,1400,3375,1926,3,964,7,Sold,,,http://www.redfin.com/CA/San-Francisco/45-Montecito-Ave-94112/home/692507,San Francisco MLS,454241,N,Y,37.7309634,-122.4536748
PAST SALE,February-7-2017,Condo/Co-op,501 Beale St Unit 4A,San Francisco,CA,94105,1225000,2,2.0,South Beach,1160,,2006,26,1056,847,Sold,,,http://www.redfin.com/CA/San-Francisco/501-Beale-St-94105/unit-4A/home/8190513,San Francisco MLS,452129,N,Y,37.7862361,-122.3890738
PAST SALE,February-10-2017,Single Family Residential,335 Flood Ave,San Francisco,CA,94112,965000,1,1.0,Sunnyside,872,2809,1915,23,1107,,Sold,,,http://www.redfin.com/CA/San-Francisco/335-Flood-Ave-94112/home/2031664,San Francisco MLS,453816,N,Y,37.7296369,-122.447407
PAST SALE,March-2-2017,Condo/Co-op,3418 26th St #1,San Francisco,CA,94110,520000,0,1.0,Inner Mission,300,,2014,3,1733,480,Sold,,,http://www.redfin.com/CA/San-Francisco/3418-26th-St-94110/unit-1/home/110051733,San Francisco MLS,454373,N,Y,37.7491644,-122.4190008
PAST SALE,February-23-2017,Single Family Residential,960 Noe St,San Francisco,CA,94114,1849000,3,2.0,Noe Valley,,,1911,10,,,Sold,,,http://www.redfin.com/CA/San-Francisco/960-Noe-St-94114/home/715711,San Francisco MLS,453639,N,Y,37.753547,-122.432321
PAST SALE,February-17-2017,Condo/Co-op,1500 Francisco St #11,San Francisco,CA,94123,1725000,3,2.0,Marina,1787,,1924,16,965,960,Sold,,,http://www.redfin.com/CA/San-Francisco/1500-Francisco-St-94123/unit-11/home/557037,San Francisco MLS,451985,N,Y,37.8027162,-122.4301059
PAST SALE,February-13-2017,Condo/Co-op,283 Clinton Park,San Francisco,CA,94103,1526000,3,1.0,Mission Dolores,,,,20,,250,Sold,,,http://www.redfin.com/CA/San-Francisco/283-Clinton-Park-94103/home/28608893,San Francisco MLS,454132,N,Y,37.768915,-122.4264516
PAST SALE,February-13-2017,Condo/Co-op,1769 Broadway #8,San Francisco,CA,94109,1300000,2,1.0,Pacific Heights,1151,,1925,20,1129,749,Sold,,,http://www.redfin.com/CA/San-Francisco/1769-Broadway-94109/unit-8/home/113069936,San Francisco MLS,453429,N,Y,37.795108,-122.426207
PAST SALE,February-24-2017,Condo/Co-op,1250 Clay St #108,San Francisco,CA,94108,865000,1,1.0,Nob Hill,575,,1950,9,1504,485,Sold,,,http://www.redfin.com/CA/San-Francisco/1250-Clay-St-94108/unit-108/home/978679,San Francisco MLS,453955,N,Y,37.793565,-122.4136692
PAST SALE,February-24-2017,Condo/Co-op,465 10th St #304,San Francisco,CA,94103,988000,1,2.0,South of Market,1016,,1924,9,972,754,Sold,,,http://www.redfin.com/CA/San-Francisco/465-10th-St-94103/unit-304/home/113012611,San Francisco MLS,453384,N,Y,37.7708827,-122.4099833
PAST SALE,February-24-2017,Condo/Co-op,989 20th St #468,San Francisco,CA,94107,849000,1,1.5,Central Waterfront,835,,2009,9,1017,479,Sold,,,http://www.redfin.com/CA/San-Francisco/989-20th-St-94107/unit-468/home/40142845,San Francisco MLS,453595,N,Y,37.7601821,-122.3909801
PAST SALE,February-14-2017,Single Family Residential,276 Grand View Ave,San Francisco,CA,94114,1050000,2,1.5,Noe Valley,,,1908,19,,,Sold,,,http://www.redfin.com/CA/San-Francisco/276-Grand-View-Ave-94114/home/674978,San Francisco MLS,454668,N,Y,37.7538259,-122.4417044
PAST SALE,February-14-2017,Single Family Residential,199 Cresta Vista Dr,San Francisco,CA,94127,1150000,2,1.5,Westwood Highlands,1026,2665,1968,19,1121,,Sold,,,http://www.redfin.com/CA/San-Francisco/199-Cresta-Vista-Dr-94127/home/1702389,San Francisco MLS,453616,N,Y,37.7356203,-122.4555115
PAST SALE,February-22-2017,Single Family Residential,39 Bronte St,San Francisco,CA,94110,1300000,3,2.0,Bernal Heights,1360,1680,1956,11,956,,Sold,,,http://www.redfin.com/CA/San-Francisco/39-Bronte-St-94110/home/763479,San Francisco MLS,453243,N,Y,37.7390652,-122.4100574
PAST SALE,February-14-2017,Single Family Residential,43 Douglass St,San Francisco,CA,94114,1952000,2,2.0,Corona Heights,1814,,1905,19,1076,78,Sold,,,http://www.redfin.com/CA/San-Francisco/43-Douglass-St-94114/home/40275396,San Francisco MLS,453949,N,Y,37.7630052,-122.4393717
PAST SALE,February-3-2017,Single Family Residential,649 Mississippi St,San Francisco,CA,94107,1375000,3,2.0,Potrero Hill,1593,2495,1928,30,863,,Sold,,,http://www.redfin.com/CA/San-Francisco/649-Mississippi-St-94107/home/1990004,San Francisco MLS,453177,N,Y,37.758351,-122.393867
PAST SALE,February-3-2017,Single Family Residential,2401 Taraval St,San Francisco,CA,94116,1375000,2,1.0,Parkside,1325,3249,1924,30,1038,,Sold,,,http://www.redfin.com/CA/San-Francisco/2401-Taraval-St-94116/home/1782104,San Francisco MLS,449961,N,Y,37.7421404,-122.4919011
PAST SALE,February-15-2017,Single Family Residential,457 Roosevelt Way,San Francisco,CA,94114,1650000,2,2.0,Corona Heights,1880,2883,1912,18,878,,Sold,,,http://www.redfin.com/CA/San-Francisco/457-Roosevelt-Way-94114/home/1725718,San Francisco MLS,453683,N,Y,37.763789,-122.442644
PAST SALE,February-15-2017,Single Family Residential,78 Anderson St,San Francisco,CA,94110,1865020,4,2.0,Bernal Heights,1519,1750,1915,18,1228,,Sold,,,http://www.redfin.com/CA/San-Francisco/78-Anderson-St-94110/home/2014371,San Francisco MLS,453913,N,Y,37.7419057,-122.4152728
PAST SALE,February-13-2017,Single Family Residential,1595 Thomas Ave,SAN FRANCISCO,CA,94124,770000,3,1.0,SAN FRANCISCO,1774,2500,1907,20,434,,Sold,,,http://www.redfin.com/CA/San-Francisco/1595-Thomas-Ave-94124/home/984593,MLSListings,ML81628605,N,Y,37.7301899,-122.3913178
PAST SALE,March-2-2017,Condo/Co-op,942 Market St #502,San Francisco,CA,94102,650000,0,1.0,Downtown,728,,1908,3,893,610,Sold,,,http://www.redfin.com/CA/San-Francisco/942-Market-St-94102/unit-502/home/21999832,San Francisco MLS,453968,N,Y,37.7836702,-122.4087914
PAST SALE,February-15-2017,Condo/Co-op,62 Ramona Ave,San Francisco,CA,94103,1210000,2,1.0,Mission Dolores,1384,,1912,18,874,200,Sold,,,http://www.redfin.com/CA/San-Francisco/62-Ramona-Ave-94103/home/925484,San Francisco MLS,453594,N,Y,37.7670721,-122.4255221
PAST SALE,February-28-2017,Condo/Co-op,1335 Laguna St #6,San Francisco,CA,94115,580000,2,1.0,Western Addition,840,,1964,5,690,746,Sold,,,http://www.redfin.com/CA/San-Francisco/1335-Laguna-St-94115/unit-6/home/12401362,San Francisco MLS,453349,N,Y,37.7834886,-122.4278332
PAST SALE,February-9-2017,Condo/Co-op,200 Brannan St #222,San Francisco,CA,94107,880000,1,1.0,South Beach,850,,2004,24,1035,615,Sold,,,http://www.redfin.com/CA/San-Francisco/200-Brannan-St-94107/unit-222/home/1206584,San Francisco MLS,451977,N,Y,37.7835714,-122.3907007
PAST SALE,February-14-2017,Condo/Co-op,300 Ivy St #500,San Francisco,CA,94102,1480000,2,2.0,Hayes Valley,1075,,2014,19,1377,610,Sold,,,http://www.redfin.com/CA/San-Francisco/300-Ivy-St-94102/unit-500/home/52861692,San Francisco MLS,453803,N,Y,37.7774382,-122.42343
PAST SALE,February-15-2017,Single Family Residential,2651 Bryant St,San Francisco,CA,94110,1415000,3,1.0,Inner Mission,1500,2421,1930,18,943,,Sold,,,http://www.redfin.com/CA/San-Francisco/2651-Bryant-St-94110/home/926025,San Francisco MLS,453856,N,Y,37.751983,-122.4088046
PAST SALE,February-15-2017,Condo/Co-op,1011 Clayton St,San Francisco,CA,94117,1450000,2,1.0,Buena Vista Park,1305,,1933,18,1111,166,Sold,,,http://www.redfin.com/CA/San-Francisco/1011-Clayton-St-94117/home/1077130,San Francisco MLS,453585,N,Y,37.76366,-122.447466
PAST SALE,February-10-2017,Single Family Residential,51 W View Ave,SAN FRANCISCO,CA,94134,732000,3,1.0,SAN FRANCISCO,850,1799,1943,23,861,,Sold,,,http://www.redfin.com/CA/San-Francisco/51-W-View-Ave-94134/home/1961466,MLSListings,ML81635440,N,Y,37.7312191,-122.4180182
PAST SALE,February-10-2017,Condo/Co-op,821 Folsom St #210,San Francisco,CA,94107,760000,1,1.0,Yerba Buena,717,,2004,23,1060,464,Sold,,,http://www.redfin.com/CA/San-Francisco/821-Folsom-St-94107/unit-210/home/12401617,San Francisco MLS,453926,N,Y,37.7814085,-122.4013948
PAST SALE,February-15-2017,Condo/Co-op,78 Vicksburg St,San Francisco,CA,94114,1600000,2,2.0,Noe Valley,1491,,1908,18,1073,150,Sold,,,http://www.redfin.com/CA/San-Francisco/78-Vicksburg-St-94114/home/1542609,San Francisco MLS,453471,N,Y,37.753647,-122.429044
PAST SALE,February-22-2017,Single Family Residential,2635 Newhall St,San Francisco,CA,94124,780000,3,2.5,Silver Terrace,,,1997,11,,21,Sold,,,http://www.redfin.com/CA/San-Francisco/2635-Newhall-St-94124/home/752299,San Francisco MLS,451881,N,Y,37.7289122,-122.3980266
PAST SALE,February-16-2017,Single Family Residential,53 Edinburgh St,San Francisco,CA,94112,1011000,2,1.0,Excelsior,1125,2500,1912,17,899,,Sold,,,http://www.redfin.com/CA/San-Francisco/53-Edinburgh-St-94112/home/1336253,San Francisco MLS,453433,N,Y,37.7277756,-122.4268193
PAST SALE,February-21-2017,Condo/Co-op,281 Clara St #3,San Francisco,CA,94107,750000,1,1.5,South of Market,1114,,1996,12,673,584,Sold,,,http://www.redfin.com/CA/San-Francisco/281-Clara-St-94107/unit-3/home/12395882,San Francisco MLS,453708,N,Y,37.7779984,-122.4039706
PAST SALE,,Condo/Co-op,0 C A Rd #139,Musselshell,MT,59059,456000,,,,,,,,,,,,,http://www.redfin.com/MT/Musselshell/0-C-A-Rd-59059/unit-139/home/17232063,,,N,Y,37.721513,-122.4797394
PAST SALE,February-15-2017,Multi-Family (2-4 Unit),2288-2290 Sutter St,San Francisco,CA,94115,1949000,5,2.0,Lower Pacific Height,2960,2500,1900,18,658,,Sold,,,http://www.redfin.com/CA/San-Francisco/2290-Sutter-St-94115/home/1475462,San Francisco MLS,452818,N,Y,37.785572,-122.4380633
PAST SALE,February-23-2017,Condo/Co-op,900 Bush #1008,San Francisco,CA,94109,835000,2,2.0,Downtown,826,,1982,10,1011,841,Sold,,,http://www.redfin.com/CA/San-Francisco/900-Bush-St-94109/unit-1008/home/880914,San Francisco MLS,453147,N,Y,37.7899818,-122.4125107
PAST SALE,February-23-2017,Condo/Co-op,2485 Union St #2,San Francisco,CA,94123,1300000,1,1.0,Cow Hollow,1300,,1925,10,1000,400,Sold,,,http://www.redfin.com/CA/San-Francisco/2485-Union-St-94123/unit-2/home/921397,San Francisco MLS,452966,N,Y,37.7963799,-122.4401438
PAST SALE,February-6-2017,Condo/Co-op,355 1st St Unit S2103,San Francisco,CA,94105,875000,1,1.0,South Beach,,,2004,27,,734,Sold,,,http://www.redfin.com/CA/San-Francisco/355-1st-St-94105/unit-S2103/home/39824246,San Francisco MLS,454063,N,Y,37.7868797,-122.3934879
PAST SALE,March-3-2017,Condo/Co-op,945 Capp St #4,San Francisco,CA,94110,1100000,2,1.0,Inner Mission,,,1925,2,,360,Sold,,,http://www.redfin.com/CA/San-Francisco/945-Capp-St-94110/unit-4/home/110052547,San Francisco MLS,454500,N,Y,37.7515612,-122.4170098
PAST SALE,March-3-2017,Multi-Family (2-4 Unit),1025 1025A Anza St,San Francisco,CA,94118,1510250,3,2.0,Inner Richmond,1940,2500,1907,2,778,,Sold,,,http://www.redfin.com/CA/San-Francisco/1025-Anza-St-94118/home/1375961,San Francisco MLS,454481,N,Y,37.7791011,-122.4592702
PAST SALE,March-1-2017,Condo/Co-op,2212 A 23rd St,San Francisco,CA,94107,870000,2,1.0,Potrero Hill,808,,,4,1077,150,Sold,,,http://www.redfin.com/CA/San-Francisco/2212A-23rd-St-94107/home/40138762,San Francisco MLS,454414,N,Y,37.754771,-122.402053
PAST SALE,February-9-2017,Single Family Residential,1490 45th Ave,San Francisco,CA,94122,971000,2,1.0,Outer Sunset,1250,1746,1937,24,777,,Sold,,,http://www.redfin.com/CA/San-Francisco/1490-45th-Ave-94122/home/1765646,San Francisco MLS,453312,N,Y,37.758832,-122.504499
PAST SALE,February-16-2017,Condo/Co-op,2200 Pacific Ave Unit 3A,San Francisco,CA,94115,1550000,2,2.0,Pacific Heights,1856,,1962,17,835,1187,Sold,,,http://www.redfin.com/CA/San-Francisco/2200-Pacific-Ave-94115/unit-3A/home/566779,San Francisco MLS,452793,N,Y,37.7939042,-122.4317493
PAST SALE,February-28-2017,Single Family Residential,2638 Irving St,San Francisco,CA,94122,1538000,3,1.5,Central Sunset,1750,3057,1917,5,879,,Sold,,,http://www.redfin.com/CA/San-Francisco/2638-Irving-St-94122/home/903411,San Francisco MLS,455078,N,Y,37.763409,-122.486304
PAST SALE,February-14-2017,Condo/Co-op,468 Tehama St #1,San Francisco,CA,94103,760000,1,1.5,South of Market,926,,1999,19,821,480,Sold,,,http://www.redfin.com/CA/San-Francisco/468-Tehama-St-94103/unit-1/home/12395924,San Francisco MLS,453393,N,Y,37.7799948,-122.4060673
PAST SALE,February-21-2017,Condo/Co-op,2194 Green St #2194,San Francisco,CA,94123,1363500,2,2.0,Pacific Heights,1350,,1906,12,1010,583,Sold,,,http://www.redfin.com/CA/San-Francisco/2194-Green-St-94115/unit-2194/home/102820953,San Francisco MLS,452800,N,Y,37.7964308,-122.4351922
PAST SALE,February-27-2017,Condo/Co-op,750 Great Hwy #2,San Francisco,CA,94121,541000,1,1.0,Outer Richmond,554,,1990,6,977,305,Sold,,,http://www.redfin.com/CA/San-Francisco/750-Great-Hwy-94121/unit-2/home/1789350,San Francisco MLS,454317,N,Y,37.7741921,-122.5107305
PAST SALE,February-28-2017,Condo/Co-op,245 5th St #311,San Francisco,CA,94103,1260000,2,1.0,Yerba Buena,1384,,1996,5,910,723,Sold,,,http://www.redfin.com/CA/San-Francisco/245-5th-St-94103/unit-311/home/886312,San Francisco MLS,453627,N,Y,37.7813072,-122.4038246
PAST SALE,March-3-2017,Townhouse,32 Perego Ter,San Francisco,CA,94131,882000,2,2.0,Twin Peaks,1414,,1962,2,624,163,Sold,,,http://www.redfin.com/CA/San-Francisco/32-Perego-Ter-94131/home/1710439,San Francisco MLS,454138,N,Y,37.750077,-122.444732
PAST SALE,February-16-2017,Single Family Residential,324 Hanover St,San Francisco,CA,94112,1267000,4,4.0,Crocker Amazon,,2663,1927,17,,,Sold,,,http://www.redfin.com/CA/San-Francisco/324-Hanover-St-94112/home/1696540,San Francisco MLS,452822,N,Y,37.7092489,-122.4434553
PAST SALE,March-3-2017,Condo/Co-op,95 Red Rock Way Unit 210M,San Francisco,CA,94131,420000,0,1.0,Diamond Heights,474,,1972,2,886,443,Sold,,,http://www.redfin.com/CA/San-Francisco/95-Red-Rock-Way-94131/unit-210M/home/1934917,San Francisco MLS,453781,N,Y,37.746324,-122.441517
PAST SALE,February-14-2017,Condo/Co-op,2555 Leavenworth St #303,San Francisco,CA,94133,1185000,2,2.0,Russian Hill,,,1961,19,,533,Sold,,,http://www.redfin.com/CA/San-Francisco/2555-Leavenworth-St-94133/unit-303/home/1845186,San Francisco MLS,450382,N,Y,37.804693,-122.418709
PAST SALE,March-3-2017,Condo/Co-op,3186 Clay St,San Francisco,CA,94115,2000000,2,2.0,Pacific Heights,2043,,,2,979,,Sold,,,http://www.redfin.com/CA/San-Francisco/3186-Clay-St-94115/home/1859478,San Francisco MLS,454080,N,Y,37.7894078,-122.4455234
PAST SALE,February-16-2017,Multi-Family (2-4 Unit),2039-2041 Judah St,San Francisco,CA,94122,1500000,4,2.0,Central Sunset,2500,2495,1948,17,600,,Sold,,,http://www.redfin.com/CA/San-Francisco/2041-Judah-St-94122/home/953244,San Francisco MLS,452846,N,Y,37.7612551,-122.4841666
PAST SALE,February-3-2017,Vacant Land,0 Princeton,California City,CA,,3500,,,CAC - California City,,11326,,30,,,Sold,,,http://www.redfin.com/CA/San-Francisco/0-Princeton-St-94134/home/52457880,CRMLS,CV16060006,N,Y,37.7301072,-122.4163656
PAST SALE,February-3-2017,Single Family Residential,1080 Silver Ave,San Francisco,CA,94134,565000,1,1.0,Portola,525,2204,1910,30,1076,,Sold,,,http://www.redfin.com/CA/San-Francisco/1080-Silver-Ave-94134/home/772303,San Francisco MLS,452835,N,Y,37.7292512,-122.4145361
PAST SALE,March-3-2017,Condo/Co-op,1463 Green St,San Francisco,CA,94109,1080000,3,1.5,Russian Hill,1028,,1907,2,1051,471,Sold,,,http://www.redfin.com/CA/San-Francisco/1463-Green-St-94109/unit-1475/home/565512,San Francisco MLS,453008,N,Y,37.797446,-122.423161
PAST SALE,February-23-2017,Condo/Co-op,2595 Clay St #1,San Francisco,CA,94115,1240800,2,1.0,Pacific Heights,990,,1924,10,1253,464,Sold,,,http://www.redfin.com/CA/San-Francisco/2595-Clay-St-94115/unit-1/home/1865862,San Francisco MLS,454326,N,Y,37.790409,-122.4354998
PAST SALE,February-24-2017,Condo/Co-op,3249 17th St #3,San Francisco,CA,94110,1460000,2,2.0,Inner Mission,1205,,,9,1212,,Sold,,,http://www.redfin.com/CA/San-Francisco/3249-17th-St-94110/unit-3/home/113204169,San Francisco MLS,455107,N,Y,37.7633502,-122.4182818
PAST SALE,February-8-2017,Single Family Residential,100 Florentine St,San Francisco,CA,94112,938000,3,1.0,Crocker Amazon,1450,6098,1927,25,647,,Sold,,,http://www.redfin.com/CA/San-Francisco/100-Florentine-St-94112/home/1945197,San Francisco MLS,453346,N,Y,37.7117799,-122.4434244
PAST SALE,February-28-2017,Condo/Co-op,724 Tennessee St,San Francisco,CA,94107,1225000,3,1.0,Central Waterfront,1152,,1900,5,1063,125,Sold,,,http://www.redfin.com/CA/San-Francisco/724-Tennessee-St-94107/home/52059313,San Francisco MLS,453468,N,Y,37.7625798,-122.3899567
PAST SALE,February-17-2017,Condo/Co-op,616 20th St #510,San Francisco,CA,94107,900000,2,1.0,Central Waterfront,770,,2013,16,1169,473,Sold,,,http://www.redfin.com/CA/San-Francisco/616-20th-St-94107/unit-510/home/52203632,San Francisco MLS,454236,N,Y,37.760768,-122.387975
PAST SALE,March-3-2017,Condo/Co-op,1 Bluxome St #416,San Francisco,CA,94107,1250000,2,1.5,South of Market,1361,,2003,2,918,432,Sold,,,http://www.redfin.com/CA/San-Francisco/1-Bluxome-St-94107/unit-416/home/12401074,San Francisco MLS,454529,N,Y,37.7774232,-122.3958836
PAST SALE,February-15-2017,Condo/Co-op,855 Folsom St #940,San Francisco,CA,94107,1045000,1,1.5,Yerba Buena,,,2001,18,,533,Sold,,,http://www.redfin.com/CA/San-Francisco/855-Folsom-St-94107/unit-940/home/12397724,San Francisco MLS,454238,N,Y,37.7807737,-122.4021633
PAST SALE,February-24-2017,Condo/Co-op,631 Folsom St Unit 16F,San Francisco,CA,94107,1325000,2,2.0,Yerba Buena,1190,,2009,9,1113,818,Sold,,,http://www.redfin.com/CA/San-Francisco/631-Folsom-St-94107/unit-16F/home/21966544,San Francisco MLS,454054,N,Y,37.7848176,-122.3969578
PAST SALE,February-6-2017,Condo/Co-op,200 Townsend St #21,San Francisco,CA,94107,905000,1,2.0,South Beach,877,,2003,27,1032,559,Sold,,,http://www.redfin.com/CA/San-Francisco/200-Townsend-St-94107/unit-21/home/2072674,San Francisco MLS,453653,N,Y,37.7789009,-122.393248
PAST SALE,February-21-2017,Condo/Co-op,660 Natoma St #2,San Francisco,CA,94103,690000,1,1.0,South of Market,541,,2008,12,1275,250,Sold,,,http://www.redfin.com/CA/San-Francisco/660-Natoma-St-94103/unit-2/home/1605352,San Francisco MLS,453681,N,Y,37.7774455,-122.4114763
PAST SALE,February-8-2017,Condo/Co-op,834 Arkansas St #3,San Francisco,CA,94107,880000,2,1.0,Potrero Hill,870,,1962,25,1011,200,Sold,,,http://www.redfin.com/CA/San-Francisco/834-Arkansas-St-94107/unit-3/home/2008833,San Francisco MLS,454375,N,Y,37.75557,-122.398111
PAST SALE,February-13-2017,Condo/Co-op,1821 Grant Ave #201,San Francisco,CA,94133,1275000,2,2.0,Telegraph Hill,1350,,1975,20,944,400,Sold,,,http://www.redfin.com/CA/San-Francisco/1821-Grant-Ave-94133/unit-201/home/1864994,San Francisco MLS,453767,N,Y,37.803755,-122.408513
PAST SALE,,Vacant Land,53 States,San Francisco,CA,94114,,,1.0,,600,2639,1900,,,,Sold,,,http://www.redfin.com/CA/San-Francisco/53-States-St-94114/home/1992954,San Francisco MLS,,N,Y,37.763176,-122.436456
PAST SALE,February-10-2017,Single Family Residential,1929 48th Ave,San Francisco,CA,94116,1076000,2,1.0,Outer Parkside,1130,1746,1946,23,952,,Sold,,,http://www.redfin.com/CA/San-Francisco/1929-48th-Ave-94116/home/2036542,San Francisco MLS,453408,N,Y,37.7504145,-122.5075753
PAST SALE,February-17-2017,Single Family Residential,350 Jersey St,San Francisco,CA,94114,2005000,2,1.0,Noe Valley,1402,2964,1941,16,1430,,Sold,,,http://www.redfin.com/CA/San-Francisco/350-Jersey-St-94114/home/801355,San Francisco MLS,454308,N,Y,37.750804,-122.432945
PAST SALE,February-24-2017,Condo/Co-op,17 Ashbury St #6,San Francisco,CA,94117,950000,2,1.0,North Panhandle,,,1925,9,,450,Sold,,,http://www.redfin.com/CA/San-Francisco/17-Ashbury-St-94117/unit-6/home/110052376,San Francisco MLS,453911,N,Y,37.7753841,-122.4481816
PAST SALE,February-3-2017,Condo/Co-op,75 Roosevelt Way #2,San Francisco,CA,94114,955000,2,2.0,Corona Heights,864,,1968,30,1105,353,Sold,,,http://www.redfin.com/CA/San-Francisco/75-Roosevelt-Way-94114/unit-2/home/110052273,San Francisco MLS,453200,N,Y,37.7664169,-122.437749
PAST SALE,February-6-2017,Condo/Co-op,3294 Clay St #5,San Francisco,CA,94115,1495000,2,2.0,Pacific Heights,1487,,1911,27,1005,463,Sold,,,http://www.redfin.com/CA/San-Francisco/3294-Clay-St-94115/unit-5/home/1070326,San Francisco MLS,452562,N,Y,37.7892449,-122.4468735
PAST SALE,February-7-2017,Multi-Family (5+ Unit),1616 Taylor St,San Francisco,CA,94133,6300000,12,,Russian Hill,8865,5174,1923,26,711,,Sold,,,http://www.redfin.com/CA/San-Francisco/1616-Taylor-St-94133/home/1365570,San Francisco MLS,453240,N,Y,37.797384,-122.413269
PAST SALE,February-21-2017,Single Family Residential,375 Prentiss St,San Francisco,CA,94110,1150000,2,1.0,Bernal Heights,975,1751,1951,12,1179,,Sold,,,http://www.redfin.com/CA/San-Francisco/375-Prentiss-St-94110/home/936998,San Francisco MLS,452305,N,Y,37.73861,-122.4119035
PAST SALE,February-13-2017,Single Family Residential,3956 20th St,San Francisco,CA,94114,2775000,3,2.5,Eureka Valley/Dolore,,2848,1916,20,,,Sold,,,http://www.redfin.com/CA/San-Francisco/3956-20th-St-94114/home/1861664,San Francisco MLS,452153,N,Y,37.7581881,-122.4292249
PAST SALE,February-22-2017,Single Family Residential,2178 18th Ave,San Francisco,CA,94116,1950000,5,5.0,Inner Parkside,2700,3606,1928,11,722,,Sold,,,http://www.redfin.com/CA/San-Francisco/2178-18th-Ave-94116/home/1271060,San Francisco MLS,453810,N,Y,37.747255,-122.474581
PAST SALE,February-21-2017,Multi-Family (2-4 Unit),3880-3882 19th St,San Francisco,CA,94114,2850000,4,2.0,Eureka Valley/Dolore,3072,2850,1925,12,928,,Sold,,,http://www.redfin.com/CA/San-Francisco/3882-19th-St-94114/home/1726430,San Francisco MLS,453684,N,Y,37.759684,-122.4299648
PAST SALE,February-7-2017,Multi-Family (2-4 Unit),34-36 Annapolis Ter,San Francisco,CA,94118,1350000,3,2.0,Lone Mountain,2358,2495,1939,26,573,,Sold,,,http://www.redfin.com/CA/San-Francisco/36-Annapolis-Ter-94118/home/595335,San Francisco MLS,452839,N,Y,37.7779562,-122.4477704
PAST SALE,February-6-2017,Condo/Co-op,3345 21st St,San Francisco,CA,94110,2030000,3,2.0,Eureka Valley/Dolore,2050,,1885,27,990,176,Sold,,,http://www.redfin.com/CA/San-Francisco/3345-21st-St-94110/home/11743092,San Francisco MLS,453338,N,Y,37.7565979,-122.422091
PAST SALE,February-23-2017,Single Family Residential,1279 Shafter Ave,San Francisco,CA,94124,900000,4,2.0,Bayview,1904,2500,1988,10,473,,Sold,,,http://www.redfin.com/CA/San-Francisco/1279-Shafter-Ave-94124/home/1094444,San Francisco MLS,453156,N,Y,37.727436,-122.3847809
PAST SALE,February-15-2017,Condo/Co-op,955 Green St #3,San Francisco,CA,94133,6600000,3,4.5,Russian Hill,3215,,2002,18,2053,2572,Sold,,,http://www.redfin.com/CA/San-Francisco/955-Green-St-94133/unit-3/home/1745281,San Francisco MLS,454918,N,Y,37.798499,-122.414783
PAST SALE,March-1-2017,Condo/Co-op,200 Brannan St #205,San Francisco,CA,94107,1465000,2,2.0,South Beach,1500,,2004,4,977,714,Sold,,,http://www.redfin.com/CA/San-Francisco/200-Brannan-St-94107/unit-205/home/1077548,San Francisco MLS,453425,N,Y,37.7835714,-122.3907007
PAST SALE,February-17-2017,Condo/Co-op,150 Page St #16,San Francisco,CA,94102,605378,1,1.0,Hayes Valley,483,,1929,16,1253,410,Sold,,,http://www.redfin.com/CA/San-Francisco/150-Page-St-94102/unit-16/home/1136153,San Francisco MLS,453314,N,Y,37.7741226,-122.423436
PAST SALE,February-22-2017,Single Family Residential,3525 Ortega St,San Francisco,CA,94122,985000,3,1.0,Outer Sunset,1214,2495,1948,11,811,,Sold,,,http://www.redfin.com/CA/San-Francisco/3525-Ortega-St-94122/home/1469351,San Francisco MLS,453852,N,Y,37.751019,-122.501463
PAST SALE,February-17-2017,Condo/Co-op,126 Dolphin Ct,San Francisco,CA,94124,490000,2,1.0,Hunters Point,996,,1981,16,492,340,Sold,,,http://www.redfin.com/CA/San-Francisco/126-Dolphin-Ct-94124/home/1885249,San Francisco MLS,451622,N,Y,37.7282089,-122.371007
PAST SALE,February-24-2017,Single Family Residential,391 Day St,San Francisco,CA,94131,2525000,3,2.5,Noe Valley,2028,2402,1904,9,1245,,Sold,,,http://www.redfin.com/CA/San-Francisco/391-Day-St-94131/home/1133788,San Francisco MLS,454415,N,Y,37.74242,-122.4308731
PAST SALE,February-28-2017,Single Family Residential,374 Prague St,San Francisco,CA,94112,1000000,3,2.0,Excelsior,1089,2495,1944,5,918,,Sold,,,http://www.redfin.com/CA/San-Francisco/374-Prague-St-94112/home/788172,San Francisco MLS,454044,N,Y,37.716341,-122.429503
PAST SALE,February-10-2017,Condo/Co-op,1650 Broadway St #506,San Francisco,CA,94109,1170000,1,2.0,Pacific Heights,899,,2016,23,1301,882,Sold,,,http://www.redfin.com/CA/San-Francisco/1650-Broadway-94109/unit-506/home/109655852,San Francisco MLS,452572,N,Y,37.795913,-122.424471
PAST SALE,March-2-2017,Condo/Co-op,1688 Pine St Unit W907,San Francisco,CA,94109,1617000,2,2.0,Van Ness/Civic Center,1149,,2016,3,1407,900,Sold,,,http://www.redfin.com/CA/San-Francisco/1688-Pine-St-94109/unit-W907/home/109568956,San Francisco MLS,452512,N,Y,37.7892476,-122.4235536
PAST SALE,February-17-2017,Condo/Co-op,74 New Montgomery St #608,San Francisco,CA,94105,1175000,1,1.0,Yerba Buena,952,,1914,16,1234,875,Sold,,,http://www.redfin.com/CA/San-Francisco/74-New-Montgomery-St-94105/unit-608/home/17305124,San Francisco MLS,452476,N,Y,37.7876853,-122.4010321
PAST SALE,February-22-2017,Condo/Co-op,550 South Van Ness Ave #405,San Francisco,CA,94110,228833,1,1.0,Inner Mission,540,,1992,11,424,346,Sold,,,http://www.redfin.com/CA/San-Francisco/550-S-Van-Ness-Ave-94110/unit-4/home/1112891,San Francisco MLS,450544,N,Y,37.7643635,-122.4178296
PAST SALE,February-21-2017,Single Family Residential,515 Delta St,San Francisco,CA,94134,621029,2,1.0,Visitacion Valley,700,1500,1928,12,887,,Sold,,,http://www.redfin.com/CA/San-Francisco/515-Delta-St-94134/home/1815403,San Francisco MLS,452217,N,Y,37.713459,-122.409152
PAST SALE,February-22-2017,Single Family Residential,1894 36th Ave,San Francisco,CA,94122,1550000,3,2.5,Central Sunset,1974,2374,1946,11,785,,Sold,,,http://www.redfin.com/CA/San-Francisco/1894-36th-Ave-94122/home/1461994,San Francisco MLS,453776,N,Y,37.7517327,-122.4943336
PAST SALE,February-24-2017,Condo/Co-op,2655 Bush St #421,San Francisco,CA,94115,1365000,2,2.0,Lower Pacific Height,1080,,2017,9,1264,821,Sold,,,http://www.redfin.com/CA/San-Francisco/2655-Bush-St-94115/unit-421/home/112392740,San Francisco MLS,453961,N,Y,37.7858334,-122.4406677
PAST SALE,February-22-2017,Single Family Residential,2143 25th Ave,San Francisco,CA,94116,1425000,3,2.0,Parkside,1592,3000,1937,11,895,,Sold,,,http://www.redfin.com/CA/San-Francisco/2143-25th-Ave-94116/home/1652615,San Francisco MLS,453493,N,Y,37.7475309,-122.4826799
PAST SALE,February-10-2017,Condo/Co-op,601 Van Ness Ave #630,San Francisco,CA,94102,610000,1,1.0,Van Ness/Civic Center,672,,1982,23,908,777,Sold,,,http://www.redfin.com/CA/San-Francisco/601-Van-Ness-Ave-94102/unit-630/home/1818114,San Francisco MLS,451635,N,Y,37.7815203,-122.4206809
PAST SALE,February-23-2017,Single Family Residential,766 38th Ave,San Francisco,CA,94121,900000,3,1.0,Outer Richmond,1100,2996,1923,10,818,,Sold,,,http://www.redfin.com/CA/San-Francisco/766-38th-Ave-94121/home/2026921,San Francisco MLS,450133,N,Y,37.7744318,-122.4980512
PAST SALE,February-21-2017,Multi-Family (2-4 Unit),252-256 Hartford St,San Francisco,CA,94114,3215000,9,4.0,Eureka Valley/Dolore,4769,3436,1923,12,674,,Sold,,,http://www.redfin.com/CA/San-Francisco/256-Hartford-St-94114/home/1834801,San Francisco MLS,451902,N,Y,37.7584245,-122.4337534
PAST SALE,February-6-2017,Single Family Residential,340 Cumberland St,San Francisco,CA,94114,2975000,2,2.0,Eureka Valley/Dolore,1975,2848,1936,27,1506,,Sold,,,http://www.redfin.com/CA/San-Francisco/340-Cumberland-St-94114/home/711972,San Francisco MLS,453575,N,Y,37.758942,-122.431347
PAST SALE,February-17-2017,Single Family Residential,185 Maynard St,San Francisco,CA,94112,1175000,3,2.0,Excelsior,1507,2750,1913,16,780,,Sold,,,http://www.redfin.com/CA/San-Francisco/185-Maynard-St-94112/home/1122553,San Francisco MLS,453311,N,Y,37.729603,-122.426344
PAST SALE,February-24-2017,Condo/Co-op,330 N Mission Bay Blvd #405,San Francisco,CA,94158,1150000,2,2.0,Mission Bay,1046,,2008,9,1099,831,Sold,,,http://www.redfin.com/CA/San-Francisco/330-Mission-Bay-Blvd-N-94158/unit-405/home/23454725,San Francisco MLS,454329,N,Y,37.7713635,-122.3873252
PAST SALE,February-17-2017,Condo/Co-op,1700 Gough St #7,San Francisco,CA,94109,570000,0,1.0,Lower Pacific Height,510,,1980,16,1118,345,Sold,,,http://www.redfin.com/CA/San-Francisco/1700-Gough-St-94109/unit-7/home/571440,San Francisco MLS,454053,N,Y,37.7893246,-122.425259
PAST SALE,February-24-2017,Single Family Residential,1117 Hampshire,San Francisco,CA,94110,1300000,2,1.0,Inner Mission,,,,9,,,Sold,,,http://www.redfin.com/CA/San-Francisco/1117-Hampshire-St-94110/home/1961041,San Francisco MLS,454066,N,Y,37.753867,-122.407105
PAST SALE,February-23-2017,Multi-Family (2-4 Unit),2742-2744 Baker St,San Francisco,CA,94123,2050000,5,2.0,Cow Hollow,3260,2495,1912,10,629,,Sold,,,http://www.redfin.com/CA/San-Francisco/2742-Baker-St-94123/home/1942567,San Francisco MLS,455132,N,Y,37.7964205,-122.4455265
PAST SALE,February-27-2017,Single Family Residential,4127 20th St,San Francisco,CA,94114,2825000,3,2.5,Eureka Valley/Dolore,,2850,1898,6,,,Sold,,,http://www.redfin.com/CA/San-Francisco/4127-20th-St-94114/home/712108,San Francisco MLS,453719,N,Y,37.757534,-122.433159
PAST SALE,February-27-2017,Multi-Family (2-4 Unit),450 - 452 Plymouth Ave,SAN FRANCISCO,CA,94112,1260000,6,,SAN FRANCISCO,2400,2099,1961,6,525,,Sold,,,http://www.redfin.com/CA/San-Francisco/450-Plymouth-Ave-94112/home/826935,MLSListings,ML81614694,N,Y,37.714808,-122.455835
PAST SALE,February-24-2017,Condo/Co-op,1650 Broadway St #202,San Francisco,CA,94109,1888800,3,2.5,Pacific Heights,1582,,2016,9,1194,1044,Sold,,,http://www.redfin.com/CA/San-Francisco/1650-Broadway-94109/unit-202/home/110593137,San Francisco MLS,452881,N,Y,37.795913,-122.424471
PAST SALE,February-27-2017,Condo/Co-op,2117 Bush St Unit A,San Francisco,CA,94115,965000,1,1.0,Lower Pacific Height,911,,1900,6,1059,221,Sold,,,http://www.redfin.com/CA/San-Francisco/2117-Bush-St-94115/unit-A/home/22042936,San Francisco MLS,453796,N,Y,37.786855,-122.432499
PAST SALE,,Condo/Co-op,0 C A Rd #142,Musselshell,MT,59059,447500,,,,,,,,,,,,,http://www.redfin.com/MT/Musselshell/0-C-A-Rd-59059/unit-142/home/17231713,,,N,Y,37.721513,-122.4797394
PAST SALE,February-24-2017,Condo/Co-op,2839 Pierce St #1,San Francisco,CA,94123,854000,1,1.0,Cow Hollow,720,,1947,9,1186,232,Sold,,,http://www.redfin.com/CA/San-Francisco/2839-Pierce-St-94123/unit-1/home/1366485,San Francisco MLS,454470,N,Y,37.7960134,-122.4392514
PAST SALE,February-28-2017,Condo/Co-op,25 Sycamore St,San Francisco,CA,94110,1200000,2,1.0,Inner Mission,1121,,1916,5,1070,300,Sold,,,http://www.redfin.com/CA/San-Francisco/25-Sycamore-St-94110/home/26773568,San Francisco MLS,454026,N,Y,37.7625486,-122.4200513
PAST SALE,February-28-2017,Condo/Co-op,553 Page St,San Francisco,CA,94117,1620000,3,2.0,Hayes Valley,1700,,1900,5,953,250,Sold,,,http://www.redfin.com/CA/San-Francisco/553-Page-St-94117/home/12277414,San Francisco MLS,453755,N,Y,37.7729308,-122.4297726
PAST SALE,February-28-2017,Single Family Residential,108 Bosworth St,San Francisco,CA,94112,1290000,6,3.0,Bernal Heights,2468,1873,1909,5,523,,Sold,,,http://www.redfin.com/CA/San-Francisco/108-Bosworth-St-94112/home/1415297,San Francisco MLS,452456,N,Y,37.7337086,-122.4281545
PAST SALE,February-28-2017,Condo/Co-op,3236 Divisadero St,San Francisco,CA,94123,2291000,3,2.5,Marina,1900,,1924,5,1206,294,Sold,,,http://www.redfin.com/CA/San-Francisco/3236-Divisadero-St-94123/home/2015741,San Francisco MLS,453927,N,Y,37.7995885,-122.4425277
PAST SALE,February-22-2017,Single Family Residential,30 Clarendon Ave,San Francisco,CA,94114,2500000,3,2.0,Clarendon Heights,1917,2217,1959,11,1304,,Sold,,,http://www.redfin.com/CA/San-Francisco/30-Clarendon-Ave-94114/home/1138844,San Francisco MLS,453448,N,Y,37.7590818,-122.4495235
PAST SALE,February-28-2017,Single Family Residential,1590 22nd Ave,San Francisco,CA,94122,1325000,2,1.0,Central Sunset,1600,2247,1930,5,828,,Sold,,,http://www.redfin.com/CA/San-Francisco/1590-22nd-Ave-94122/home/2004097,San Francisco MLS,453367,N,Y,37.758051,-122.479684
PAST SALE,February-24-2017,Condo/Co-op,2900 22nd St #11,San Francisco,CA,94110,845000,1,2.0,Inner Mission,882,,2003,9,958,467,Sold,,,http://www.redfin.com/CA/San-Francisco/2900-22nd-St-94110/unit-11/home/868812,San Francisco MLS,453486,N,Y,37.7560006,-122.41256
PAST SALE,February-28-2017,Condo/Co-op,15 Red Rock Way Unit 211N,San Francisco,CA,94131,700000,1,1.0,Diamond Heights,830,,1972,5,843,525,Sold,,,http://www.redfin.com/CA/San-Francisco/15-Red-Rock-Way-94131/unit-211N/home/841388,San Francisco MLS,453975,N,Y,37.746488,-122.440951
PAST SALE,February-28-2017,Multi-Family (2-4 Unit),327-329 Frederick St,San Francisco,CA,94117,2700000,10,,Parnassus/Ashbury Heights,4125,2875,1904,5,655,,Sold,,,http://www.redfin.com/CA/San-Francisco/329-Frederick-St-94117/home/970647,San Francisco MLS,453298,N,Y,37.7667253,-122.4486424
PAST SALE,March-1-2017,Multi-Family (5+ Unit),104-114 Guerrero St,San Francisco,CA,94103,4100000,18,,Mission Dolores,9504,5845,1906,4,431,,Sold,,,http://www.redfin.com/CA/San-Francisco/114-Guerrero-St-94103/home/112855316,San Francisco MLS,453342,N,Y,37.7693663,-122.4247504
PAST SALE,February-28-2017,Single Family Residential,360 Valdez Ave,San Francisco,CA,94127,1900000,4,3.0,Westwood Highlands,,3746,1926,5,,4,Sold,,,http://www.redfin.com/CA/San-Francisco/360-Valdez-Ave-94127/home/1509999,San Francisco MLS,453999,N,Y,37.733388,-122.456555
PAST SALE,March-1-2017,Multi-Family (5+ Unit),3001-3003 25th St,San Francisco,CA,94110,1745000,4,,Inner Mission,2790,2996,1900,4,625,,Sold,,,http://www.redfin.com/CA/San-Francisco/3003-25th-St-94110/home/736857,San Francisco MLS,451416,N,Y,37.7510456,-122.4101015
PAST SALE,March-1-2017,Single Family Residential,2471 35th Ave,San Francisco,CA,94116,1470000,4,2.5,Parkside,1885,3000,1923,4,780,,Sold,,,http://www.redfin.com/CA/San-Francisco/2471-35th-Ave-94116/home/1081861,San Francisco MLS,453833,N,Y,37.740972,-122.493073
PAST SALE,February-9-2017,Single Family Residential,26 Eastwood Dr,San Francisco,CA,94112,2000026,4,4.0,Westwood Park,,3550,1923,24,,7,Sold,,,http://www.redfin.com/CA/San-Francisco/26-Eastwood-Dr-94112/home/1446737,San Francisco MLS,454468,N,Y,37.725748,-122.457421
PAST SALE,February-8-2017,Condo/Co-op,1036 Potrero Ave #6,San Francisco,CA,94110,870000,2,2.0,Inner Mission,936,,1987,25,929,250,Sold,,,http://www.redfin.com/CA/San-Francisco/1036-Potrero-Ave-94110/unit-6/home/1221702,San Francisco MLS,452081,N,Y,37.755457,-122.4069048
PAST SALE,February-13-2017,Condo/Co-op,441 Linden St,San Francisco,CA,94102,2150000,3,3.0,Hayes Valley,1731,,2016,20,1242,535,Sold,,,http://www.redfin.com/CA/San-Francisco/441-Linden-St-94102/home/109495649,San Francisco MLS,452294,N,Y,37.7760429,-122.4252409
PAST SALE,February-14-2017,Condo/Co-op,401 Harrison St Unit 7A,San Francisco,CA,94105,1211528,2,2.0,South Beach,1404,,,19,863,1289,Sold,,,http://www.redfin.com/CA/San-Francisco/401-Harrison-St-94105/unit-7A/home/110032493,San Francisco MLS,452666,N,Y,37.7863987,-122.3920534
PAST SALE,March-3-2017,Condo/Co-op,1221 Harrison St #17,San Francisco,CA,94103,850000,1,2.0,South of Market,1209,,2004,2,703,529,Sold,,,http://www.redfin.com/CA/San-Francisco/1221-Harrison-St-94103/unit-17/home/22892744,San Francisco MLS,450460,N,Y,37.7731279,-122.4087672
PAST SALE,February-3-2017,Townhouse,550 Davis St #13,San Francisco,CA,94111,2950000,3,3.0,Financial District,2251,,1981,30,1311,1340,Sold,,,http://www.redfin.com/CA/San-Francisco/550-Davis-St-94111/unit-13/home/2020710,San Francisco MLS,452642,N,Y,37.7974207,-122.3981644
PAST SALE,February-6-2017,Condo/Co-op,1688 Pine St Unit EPH04,San Francisco,CA,94109,969000,1,1.0,Van Ness/Civic Center,616,,2016,27,1573,635,Sold,,,http://www.redfin.com/CA/San-Francisco/1688-Pine-St-94109/unit-EPH04/home/108189044,San Francisco MLS,453137,N,Y,37.789258,-122.4235605
PAST SALE,February-22-2017,Condo/Co-op,338 Potrero Ave #305,San Francisco,CA,94103,762000,1,1.0,Inner Mission,,,2016,11,,572,Sold,,,http://www.redfin.com/CA/San-Francisco/338-Potrero-Ave-94103/unit-305/home/109470095,San Francisco MLS,452114,N,Y,37.765235,-122.4075401
PAST SALE,February-8-2017,Single Family Residential,240 Holyoke St,San Francisco,CA,94134,887750,3,2.0,Portola,1000,2996,1928,25,888,,Sold,,,http://www.redfin.com/CA/San-Francisco/240-Holyoke-St-94134/home/1720529,San Francisco MLS,452948,N,Y,37.728133,-122.4095176
PAST SALE,February-13-2017,Condo/Co-op,1870 Jackson St #203,San Francisco,CA,94109,1825000,3,3.0,Pacific Heights,1800,,1931,20,1014,1033,Sold,,,http://www.redfin.com/CA/San-Francisco/1870-Jackson-St-94109/unit-203/home/1357832,San Francisco MLS,451904,N,Y,37.7938453,-122.4258578
PAST SALE,February-13-2017,Single Family Residential,132 Douglass St,San Francisco,CA,94114,1954000,3,2.5,Corona Heights,2087,1700,1904,20,936,,Sold,,,http://www.redfin.com/CA/San-Francisco/132-Douglass-St-94114/home/2024357,San Francisco MLS,454630,N,Y,37.7616006,-122.4395992
PAST SALE,February-3-2017,Single Family Residential,60 Mercury St,San Francisco,CA,94124,832000,2,1.0,Silver Terrace,1275,2121,1941,30,653,,Sold,,,http://www.redfin.com/CA/San-Francisco/60-Mercury-St-94124/home/751365,San Francisco MLS,452945,N,Y,37.731713,-122.4017121
PAST SALE,February-10-2017,Single Family Residential,1969 San Jose Ave,San Francisco,CA,94112,760000,3,2.0,Mission Terrace,1433,2522,1919,23,530,,Sold,,,http://www.redfin.com/CA/San-Francisco/1969-San-Jose-Ave-94112/home/1003684,San Francisco MLS,446605,N,Y,37.725425,-122.442295
PAST SALE,February-28-2017,Townhouse,263 Summit Way,San Francisco,CA,94132,1338941,3,2.5,Stonestown,1850,,2016,5,724,202,Sold,,,http://www.redfin.com/CA/San-Francisco/263-Summit-Way-94132/home/103971608,San Francisco MLS,442593,N,Y,37.714897,-122.4772313
PAST SALE,February-10-2017,Multi-Family (2-4 Unit),1641-45 Grove St,San Francisco,CA,94117,1640000,8,3.0,North Panhandle,3407,3436,1922,23,481,,Sold,,,http://www.redfin.com/CA/San-Francisco/1645-Grove-St-94117/home/2026702,San Francisco MLS,437817,N,Y,37.7749927,-122.4436763
PAST SALE,February-10-2017,Multi-Family (2-4 Unit),1641 Grove St,San Francisco,CA,94117,1640000,8,3.0,San Francisco,3407,3436,1922,23,481,,Sold,,,http://www.redfin.com/CA/San-Francisco/1641-Grove-St-94117/home/101338642,EBRD/CCAR/Bay East,40744426,N,Y,37.7751999,-122.4436441
PAST SALE,February-8-2017,Multi-Family (2-4 Unit),149 29th St,San Francisco,CA,94110,4975000,,,Noe Valley,,2736,2016,25,,,Sold,,,http://www.redfin.com/CA/San-Francisco/149-29th-St-94110/home/39864030,San Francisco MLS,445414,N,Y,37.743651,-122.423425
PAST SALE,February-23-2017,Single Family Residential,30 Niantic Ave,San Francisco,CA,94132,775000,2,2.0,Ingleside Heights,,2513,1908,10,,,Sold,,,http://www.redfin.com/CA/San-Francisco/30-Niantic-Ave-94132/home/835074,San Francisco MLS,441092,N,Y,37.7094531,-122.4682631
PAST SALE,February-15-2017,Single Family Residential,93 Pope St,San Francisco,CA,94112,1050000,5,3.0,Crocker Amazon,1650,3456,1974,18,636,,Sold,,,http://www.redfin.com/CA/San-Francisco/93-Pope-St-94112/home/1815560,San Francisco MLS,453276,N,Y,37.714076,-122.440591
PAST SALE,February-24-2017,Condo/Co-op,415 De Haro St #406,San Francisco,CA,94107,1635000,2,2.5,Potrero Hill,1274,,2014,9,1283,501,Sold,,,http://www.redfin.com/CA/San-Francisco/415-De-Haro-St-94107/unit-406/home/55533089,San Francisco MLS,451137,N,Y,37.7645926,-122.4013107
PAST SALE,February-24-2017,Single Family Residential,447 Buena Vista Ave,San Francisco,CA,94117,2000000,2,2.5,Buena Vista Park,2160,3249,1908,9,926,,Sold,,,http://www.redfin.com/CA/San-Francisco/447-Buena-Vista-Ave-E-94117/home/1718448,San Francisco MLS,453031,N,Y,37.765957,-122.44142
PAST SALE,February-9-2017,Multi-Family (5+ Unit),1251 Hyde St,San Francisco,CA,94109,2800000,12,,Nob Hill,4995,2935,1911,24,561,,Sold,,,http://www.redfin.com/CA/San-Francisco/1251-Hyde-St-94109/home/1908843,San Francisco MLS,453069,N,Y,37.7924875,-122.4179868
PAST SALE,February-8-2017,Condo/Co-op,555 4th St #613,San Francisco,CA,94107,1175000,2,2.0,South Beach,,,2006,25,,620,Sold,,,http://www.redfin.com/CA/San-Francisco/555-4th-St-94107/unit-613/home/22887864,San Francisco MLS,450702,N,Y,37.779089,-122.3971404
PAST SALE,March-2-2017,Single Family Residential,4209 Ulloa St,San Francisco,CA,94116,925000,3,2.0,Outer Parkside,800,2495,1943,3,1156,,Sold,,,http://www.redfin.com/CA/San-Francisco/4209-Ulloa-St-94116/home/1749950,San Francisco MLS,453287,N,Y,37.7398658,-122.5015344
PAST SALE,February-3-2017,Condo/Co-op,1688 Pine St Unit E1010,San Francisco,CA,94109,799000,1,1.0,Van Ness/Civic Center,616,,2016,30,1297,610,Sold,,,http://www.redfin.com/CA/San-Francisco/1688-Pine-St-94109/unit-E1010/home/107561198,San Francisco MLS,451266,N,Y,37.789258,-122.4235605
PAST SALE,February-10-2017,Condo/Co-op,93 Cumberland St,San Francisco,CA,94110,6100000,4,3.5,Mission Dolores,5075,,1916,23,1202,1090,Sold,,,http://www.redfin.com/CA/San-Francisco/93-Cumberland-St-94110/home/109309666,San Francisco MLS,451774,N,Y,37.7590501,-122.4254918
PAST SALE,February-11-2017,Single Family Residential,871 Dolores St,San Francisco,CA,94110,4400000,5,4.5,Eureka Valley/Dolore,4675,3550,2016,22,941,,Sold,,,http://www.redfin.com/CA/San-Francisco/871-Dolores-St-94110/unit-871/home/1184150,San Francisco MLS,450625,N,Y,37.7555971,-122.4251382
PAST SALE,March-1-2017,Multi-Family (5+ Unit),201-207 Divisadero St,San Francisco,CA,94115,2825000,8,,Haight Ashbury,6480,3998,1921,4,436,,Sold,,,http://www.redfin.com/CA/San-Francisco/201-Divisadero-St-94117/unit-207/home/600283,San Francisco MLS,449399,N,Y,37.7703418,-122.4369441
PAST SALE,February-21-2017,Condo/Co-op,751 18th Ave,San Francisco,CA,94121,1360000,2,1.5,Central Richmond,1512,,1923,12,899,175,Sold,,,http://www.redfin.com/CA/San-Francisco/751-18th-Ave-94121/home/40142504,San Francisco MLS,454021,N,Y,37.7738198,-122.477016
PAST SALE,February-28-2017,Single Family Residential,371 Victoria St,San Francisco,CA,94132,750000,2,1.0,Ingleside Heights,1050,2500,1941,5,714,,Sold,,,http://www.redfin.com/CA/San-Francisco/371-Victoria-St-94132/home/1142696,San Francisco MLS,447302,N,Y,37.7174077,-122.4655781
PAST SALE,March-3-2017,Single Family Residential,112 Garrison Ave,San Francisco,CA,94134,770000,4,2.5,Visitacion Valley,1719,1425,1963,2,448,154,Sold,,,http://www.redfin.com/CA/San-Francisco/112-Garrison-Ave-94134/home/2019837,San Francisco MLS,446699,N,Y,37.7094973,-122.4135469
PAST SALE,February-22-2017,Single Family Residential,45 Shore View Ave,San Francisco,CA,94121,2800000,6,5.0,Outer Richmond,5240,4046,1923,11,534,,Sold,,,http://www.redfin.com/CA/San-Francisco/45-Shore-View-Ave-94121/home/1888732,San Francisco MLS,450237,N,Y,37.78027,-122.497463
PAST SALE,February-8-2017,Condo/Co-op,3249 17th St #2,San Francisco,CA,94110,1260000,2,2.0,Inner Mission,1224,,2016,25,1029,,Sold,,,http://www.redfin.com/CA/San-Francisco/3249-17th-St-94110/unit-2/home/111291751,San Francisco MLS,452848,N,Y,37.7633502,-122.4182818
PAST SALE,February-17-2017,Condo/Co-op,1631 McAllister St,San Francisco,CA,94117,2450000,3,3.5,North Panhandle,,,2016,16,,363,Sold,,,http://www.redfin.com/CA/San-Francisco/1631-McAllister-St-94115/home/49700593,San Francisco MLS,453464,N,Y,37.777417,-122.439079
PAST SALE,February-28-2017,Condo/Co-op,818 Van Ness Ave #204,San Francisco,CA,94109,848000,1,2.0,Van Ness/Civic Center,829,,2008,5,1023,487,Sold,,,http://www.redfin.com/CA/San-Francisco/818-Van-Ness-Ave-94109/unit-204/home/40138206,San Francisco MLS,453596,N,Y,37.783203,-122.4205684
PAST SALE,February-22-2017,Condo/Co-op,275 Burnett Ave #5,San Francisco,CA,94131,720000,1,1.0,Twin Peaks,694,,1980,11,1037,466,Sold,,,http://www.redfin.com/CA/San-Francisco/275-Burnett-Ave-94131/unit-5/home/1102002,San Francisco MLS,452923,N,Y,37.756751,-122.445746
PAST SALE,February-24-2017,Condo/Co-op,300 Berry St #1303,San Francisco,CA,94158,875000,1,1.0,Mission Bay,732,,2009,9,1195,497,Sold,,,http://www.redfin.com/CA/San-Francisco/300-Berry-St-94158/unit-1303/home/23455504,San Francisco MLS,453569,N,Y,37.77393,-122.396241
PAST SALE,February-3-2017,Single Family Residential,109 Madrone Ave,San Francisco,CA,94127,1531000,3,2.0,West Portal,1590,3175,1920,30,963,,Sold,,,http://www.redfin.com/CA/San-Francisco/109-Madrone-Ave-94127/home/1985460,San Francisco MLS,453617,N,Y,37.741248,-122.46744
PAST SALE,February-15-2017,Single Family Residential,460 Ellsworth St,San Francisco,CA,94110,1600000,3,2.0,Bernal Heights,1447,1750,1908,18,1106,,Sold,,,http://www.redfin.com/CA/San-Francisco/460-Ellsworth-St-94110/home/1638858,San Francisco MLS,453344,N,Y,37.737543,-122.414876
PAST SALE,February-14-2017,Condo/Co-op,1865 Clay St #3,San Francisco,CA,94109,1900000,3,2.0,Pacific Heights,,,1914,19,,700,Sold,,,http://www.redfin.com/CA/San-Francisco/1865-Clay-St-94109/unit-3/home/57341103,San Francisco MLS,453375,N,Y,37.7918575,-122.423856
PAST SALE,February-6-2017,Single Family Residential,2658 21st Ave,San Francisco,CA,94116,1160000,2,1.0,Parkside,1565,2996,1927,27,741,,Sold,,,http://www.redfin.com/CA/San-Francisco/2658-21st-Ave-94116/home/1819834,San Francisco MLS,453625,N,Y,37.738141,-122.477169
PAST SALE,February-7-2017,Single Family Residential,451 Yerba Buena Ave,San Francisco,CA,94127,2150000,3,2.0,Westwood Highlands,2075,6037,1925,26,1036,4,Sold,,,http://www.redfin.com/CA/San-Francisco/451-Yerba-Buena-Ave-94127/home/1024072,San Francisco MLS,453489,N,Y,37.7316591,-122.4582583
PAST SALE,February-22-2017,Single Family Residential,138 Clearfield Dr,San Francisco,CA,94132,1465000,4,3.0,Lake Shore,2053,3136,1951,11,714,,Sold,,,http://www.redfin.com/CA/San-Francisco/138-Clearfield-Dr-94132/home/1465389,San Francisco MLS,453005,N,Y,37.7310572,-122.4911429
PAST SALE,March-3-2017,Single Family Residential,218 Grafton Ave,San Francisco,CA,94112,762000,2,1.0,Ingleside,1044,2495,1912,2,730,,Sold,,,http://www.redfin.com/CA/San-Francisco/218-Grafton-Ave-94112/home/817475,San Francisco MLS,453629,N,Y,37.720255,-122.455537
PAST SALE,February-10-2017,Condo/Co-op,1624 Vallejo St #2,San Francisco,CA,94123,649000,1,1.0,Pacific Heights,654,,1890,23,992,457,Sold,,,http://www.redfin.com/CA/San-Francisco/1624-Vallejo-St-94123/unit-2/home/103935821,San Francisco MLS,453310,N,Y,37.796825,-122.424761
PAST SALE,February-24-2017,Single Family Residential,620 Prentiss St,San Francisco,CA,94110,988000,2,1.0,Bernal Heights,975,1750,1946,9,1013,,Sold,,,http://www.redfin.com/CA/San-Francisco/620-Prentiss-St-94110/home/1488077,San Francisco MLS,453233,N,Y,37.7355184,-122.4125712
PAST SALE,February-9-2017,Single Family Residential,330 Banks St,San Francisco,CA,94110,1700000,3,2.5,Bernal Heights,1253,1751,1908,24,1357,,Sold,,,http://www.redfin.com/CA/San-Francisco/330-Banks-St-94110/home/760493,San Francisco MLS,453356,N,Y,37.7388105,-122.4128824
PAST SALE,March-3-2017,Single Family Residential,2106 Baker St,San Francisco,CA,94115,5300000,4,3.5,Pacific Heights,3790,2813,1904,2,1398,,Sold,,,http://www.redfin.com/CA/San-Francisco/2106-Baker-St-94115/home/1643257,San Francisco MLS,452087,N,Y,37.7907719,-122.444073
PAST SALE,February-24-2017,Single Family Residential,193 Brewster St,San Francisco,CA,94110,2400000,3,3.5,Bernal Heights,,1750,,9,,,Sold,,,http://www.redfin.com/CA/San-Francisco/193-Brewster-St-94110/home/110063736,San Francisco MLS,453665,N,Y,37.743537,-122.407203
PAST SALE,February-10-2017,Condo/Co-op,235 Berry St #313,San Francisco,CA,94158,1280000,2,2.0,Mission Bay,1235,,2007,23,1036,623,Sold,,,http://www.redfin.com/CA/San-Francisco/235-Berry-St-94158/unit-313/home/22888830,San Francisco MLS,453035,N,Y,37.7748669,-122.3941757
PAST SALE,February-20-2017,Condo/Co-op,603 La Salle Ave #63,SAN FRANCISCO,CA,94124,550000,3,2.0,SAN FRANCISCO,1360,611,1981,13,404,340,Sold,,,http://www.redfin.com/CA/San-Francisco/603-La-Salle-Ave-94124/unit-63/home/1455245,MLSListings,ML81635728,N,Y,37.7273842,-122.3724988
PAST SALE,February-28-2017,Condo/Co-op,2225 23rd St #112,San Francisco,CA,94107,560000,1,1.0,Potrero Hill,602,,1989,5,930,465,Sold,,,http://www.redfin.com/CA/San-Francisco/2225-23rd-St-94107/unit-112/home/735709,San Francisco MLS,453088,N,Y,37.7543745,-122.4021556
PAST SALE,February-9-2017,Condo/Co-op,1200 Gough St Unit 4C,San Francisco,CA,94109,749000,1,1.0,Van Ness/Civic Center,840,,1966,24,892,643,Sold,,,http://www.redfin.com/CA/San-Francisco/1200-Gough-St-94109/unit-4C/home/574433,San Francisco MLS,449821,N,Y,37.7849709,-122.4242992
PAST SALE,February-22-2017,Condo/Co-op,650 Delancey St #415,San Francisco,CA,94107,1675000,2,2.0,South Beach,1514,,1996,11,1106,567,Sold,,,http://www.redfin.com/CA/San-Francisco/650-Delancey-St-94107/unit-415/home/12396322,San Francisco MLS,453652,N,Y,37.7827982,-122.3897154
PAST SALE,February-23-2017,Condo/Co-op,784 Andover St Unit B,San Francisco,CA,94110,1760000,2,2.5,Bernal Heights,1790,,2016,10,983,250,Sold,,,http://www.redfin.com/CA/San-Francisco/784-Andover-St-94110/unit-B/home/112919057,San Francisco MLS,453654,N,Y,37.7334306,-122.4170088
PAST SALE,February-10-2017,Condo/Co-op,1 Hawthorne St Unit 10F,San Francisco,CA,94105,1760000,2,2.0,Yerba Buena,1383,,2010,23,1273,770,Sold,,,http://www.redfin.com/CA/San-Francisco/1-Hawthorne-St-94105/unit-10F/home/40138284,San Francisco MLS,453340,N,Y,37.78577,-122.3988537
PAST SALE,February-14-2017,Multi-Family (2-4 Unit),218-220 Castro St,San Francisco,CA,94114,1860000,4,2.0,Duboce Triangle,3030,2374,1927,19,614,,Sold,,,http://www.redfin.com/CA/San-Francisco/220-Castro-St-94114/home/1992915,San Francisco MLS,453143,N,Y,37.7653834,-122.4356163
PAST SALE,February-15-2017,Single Family Residential,478 Gates St,SAN FRANCISCO,CA,94110,1025000,3,1.0,SAN FRANCISCO,1150,1751,1906,18,891,,Sold,,,http://www.redfin.com/CA/San-Francisco/478-Gates-St-94110/home/1950786,MLSListings,ML81634468,N,Y,37.7373764,-122.4142494
PAST SALE,February-13-2017,Single Family Residential,187 Robinhood Dr,San Francisco,CA,94127,1575000,3,2.5,Sherwood Forest,,,1952,20,,,Sold,,,http://www.redfin.com/CA/San-Francisco/187-Robinhood-Dr-94127/home/2000672,San Francisco MLS,453165,N,Y,37.736733,-122.454492
PAST SALE,February-22-2017,Condo/Co-op,8100 Oceanview Ter #305,San Francisco,CA,94132,570000,1,1.0,Ingleside Heights,669,,2002,11,852,400,Sold,,,http://www.redfin.com/CA/San-Francisco/8100-Ocean-View-Ter-94132/unit-305/home/1400514,San Francisco MLS,453385,N,Y,37.7104999,-122.4677749
PAST SALE,February-8-2017,Condo/Co-op,250 Clara St #2,San Francisco,CA,94107,830000,1,1.5,South of Market,1070,,2001,25,776,364,Sold,,,http://www.redfin.com/CA/San-Francisco/250-Clara-St-94107/unit-2/home/12397865,San Francisco MLS,453392,N,Y,37.7787818,-122.403552
PAST SALE,February-16-2017,Condo/Co-op,601 Van Ness Ave #1132,San Francisco,CA,94102,640000,1,1.0,Van Ness/Civic Center,682,,1982,17,938,743,Sold,,,http://www.redfin.com/CA/San-Francisco/601-Van-Ness-Ave-94102/unit-1132/home/576377,San Francisco MLS,452436,N,Y,37.7815203,-122.4206809
PAST SALE,February-17-2017,Condo/Co-op,465 10th St #206,San Francisco,CA,94103,1220000,2,2.0,South of Market,1609,,1924,16,758,878,Sold,,,http://www.redfin.com/CA/San-Francisco/465-10th-St-94103/unit-206/home/12397091,San Francisco MLS,453241,N,Y,37.7708827,-122.4099833
PAST SALE,February-17-2017,Condo/Co-op,440 Locust St,San Francisco,CA,94118,1625000,2,2.5,Presidio Heights,1396,,2001,16,1164,624,Sold,,,http://www.redfin.com/CA/San-Francisco/440-Locust-St-94118/home/2022857,San Francisco MLS,453532,N,Y,37.787112,-122.451497
PAST SALE,March-2-2017,Condo/Co-op,1160 Mission St #1502,San Francisco,CA,94103,863000,1,1.0,South of Market,764,,2008,3,1130,673,Sold,,,http://www.redfin.com/CA/San-Francisco/1160-Mission-St-94103/unit-1502/home/17305223,San Francisco MLS,453545,N,Y,37.7783901,-122.412238
PAST SALE,February-9-2017,Single Family Residential,727 Andover St,San Francisco,CA,94110,855000,2,1.0,Bernal Heights,880,1751,1905,24,972,,Sold,,,http://www.redfin.com/CA/San-Francisco/727-Andover-St-94110/home/1141022,San Francisco MLS,453259,N,Y,37.7340889,-122.4166989
PAST SALE,February-28-2017,Single Family Residential,579 19th Ave,San Francisco,CA,94121,1400000,3,2.0,Central Richmond,1840,2996,1919,5,761,,Sold,,,http://www.redfin.com/CA/San-Francisco/579-19th-Ave-94121/home/1943090,San Francisco MLS,453263,N,Y,37.7770045,-122.4783214
PAST SALE,February-8-2017,Condo/Co-op,2850 Balboa St,San Francisco,CA,94121,445000,0,1.0,Central Richmond,412,,1939,25,1080,86,Sold,,,http://www.redfin.com/CA/San-Francisco/2850-Balboa-St-94121/home/40142501,San Francisco MLS,451764,N,Y,37.776238,-122.489649
PAST SALE,February-14-2017,Single Family Residential,409 Nevada St,San Francisco,CA,94110,850000,1,1.0,Bernal Heights,950,1751,1940,19,895,,Sold,,,http://www.redfin.com/CA/San-Francisco/409-Nevada-St-94110/home/765714,San Francisco MLS,453304,N,Y,37.736773,-122.411445
PAST SALE,February-10-2017,Condo/Co-op,1080 Sutter St #1002,San Francisco,CA,94109,1275000,2,2.0,Downtown,1282,,2014,23,995,719,Sold,,,http://www.redfin.com/CA/San-Francisco/1080-Sutter-St-94109/unit-1002/home/52861698,San Francisco MLS,453237,N,Y,37.7881792,-122.4179624
PAST SALE,February-23-2017,Condo/Co-op,784 Andover St Unit A,San Francisco,CA,94110,1760000,2,2.0,Bernal Heights,1245,,2016,10,1414,,Sold,,,http://www.redfin.com/CA/San-Francisco/784-Andover-St-94110/unit-A/home/112915127,San Francisco MLS,453646,N,Y,37.7334306,-122.4170088
PAST SALE,February-3-2017,Single Family Residential,263 Lakeshore Dr,SAN FRANCISCO,CA,94132,1900000,4,3.0,SAN FRANCISCO,1905,3136,1955,30,997,,Sold,,,http://www.redfin.com/CA/San-Francisco/263-Lakeshore-Dr-94132/home/1951690,MLSListings,ML81635503,N,Y,37.7307569,-122.497371
PAST SALE,February-7-2017,Single Family Residential,486 Edinburgh St,San Francisco,CA,94112,863000,2,1.0,Excelsior,1125,2500,1922,26,767,,Sold,,,http://www.redfin.com/CA/San-Francisco/486-Edinburgh-St-94112/home/1752385,San Francisco MLS,453520,N,Y,37.721576,-122.432092
PAST SALE,February-6-2017,Townhouse,10 Southard Pl #1,San Francisco,CA,94109,3595000,3,2.5,Russian Hill,2161,,1982,27,1664,592,Sold,,,http://www.redfin.com/CA/San-Francisco/10-Southard-Pl-94109/unit-1/home/538505,San Francisco MLS,453153,N,Y,37.8013666,-122.4190122
