date,title,neighborhood,sqft,price,bedrooms,longitude,latitude
11/14/2014 12:26,Comfort & Convenience At an Affordable Price,foster city,755,2495,1,-122.27,37.5538
11/14/2014 12:25,"$250 Visa Gift Card! Brand new flooring, appliances and so much more!",palo alto,443,2695,,-122.161524,37.450289
11/14/2014 12:24,"Sunny 2 bed/2 bath Spacious Condo, personal washer & dryer",brisbane,1242,3150,2,-122.417912,37.692415
11/14/2014 12:24,Spacious Updated Apt. Close to Stanford,palo alto,,2800,2,,
11/14/2014 12:24,BOTTOM FLOOR ONE BEDROOM! PG&E IS INCLUDED! $199 DEPOSIT!,san mateo,676,2196,1,-122.2998,37.5395
11/14/2014 12:28,Elegant Three Bd. W/ Unique Wood-Burning Fireplace & Lakefront View!!,santa clara,1138,3264,3,,
11/14/2014 12:28,Welcome Home! Warmth and convenience all in one.,san jose south,822,2000,2,-121.902268,37.253503
11/14/2014 12:28,Luxury Townhome!Located Next To Everything!Limited Availability Hurry!,sunnyvale,1406,4740,3,-122.034683,37.368445
11/14/2014 12:32,LIKE NEW- 2 bedroom w/ parking included SF apartment - OPEN NOW,inner sunset / UCSF,,3395,2,-122.479345,37.764582
11/14/2014 12:32,Open House Rare One Bedroom Loft By Golden Gate Park & Ocean Beach,richmond / seacliff,,2699,1,-122.503781,37.7718
11/14/2014 12:30,Gorgeous one BR with in-unit W/D,SOMA / south beach,860,3620,1,-122.395195,37.775133
11/14/2014 12:18,Special Price For this Spacious Two Bedroom Cottage with huge patio,dublin / pleasanton / livermore,636,2025,1,-121.787665,37.67963
11/14/2014 12:18,Sit Back and Relax In This Wonderful Two Bedroom!,concord / pleasant hill / martinez,1019,2378,2,-122.035275,37.975259
11/14/2014 12:17,Newly Renovated 1 Bedroom 1 Bath!2nd Floor w/BAY VIEW!,"hercules, pinole, san pablo, el sob",715,1795,1,-122.321672,37.978086
11/14/2014 12:33,Located in the Heart of Corte Madera / Georgeous Apartments,corte madera,1533,4299,3,-122.488541,37.919834
11/14/2014 12:32,"Bright 1 bed, 1 bath, and approximately 720 sqft ",santa rosa,,950,1,,
11/14/2014 12:24,"Sunnyvale 3/1.5bath, upgraded, conv. location",Fair Oaks & Olive,1200,2695,3,-122.0238,37.3764
11/14/2014 12:23,Winston Park Area-House for Rent,south san francisco,,4500,5,-122.457417,37.667437
11/14/2014 12:21,"Exec worthy condo, pool, gym & billiards- walk to shops!",burlingame,1600,3900,2,-122.344881,37.575835
11/14/2014 12:28,Bristol Commons Is Your New Home!!!,sunnyvale,1100,2939,2,-122.017293,37.370908
11/14/2014 12:28,Lovely Renovated 1 BD 1 BTH In An Astounding Location! ,sunnyvale,760,2045,1,-122.059349,37.375874
11/14/2014 12:26," Available Now!!! High Ceilings, FirePlace Corner Unit",sunnyvale,908,2505,2,-122.016381,37.400727
11/14/2014 12:29,SUNSET THREE BEDROOM WITH LAUNDRY,sunset / parkside,,3000,3,-122.479684,37.754515
11/14/2014 12:29,"TopFlr w Gorgeous View in Safe Neighborhd Norbert, SBayCoBusStp, MUNI ",glen park,1000,3100,2,-122.439743,37.731584
11/14/2014 12:15,"2 Bed on Top floor with a cozy fireplace, pet approved home!",fremont / union city / newark,1008,2481,2,-122.032,37.5368
11/14/2014 12:14,♦COME AND SEE WHAT YOU HAVE BEEN MISSING♦,fremont / union city / newark,980,2295,2,-121.988577,37.550603
11/14/2014 12:29,Catch this resort style Townhome! Awesome location waiting for you!,larkspur,,3525,2,-122.5362,37.9367
11/14/2014 12:25,Top Floor! Cottage style! Close to Ferry & Country Mart! Call today!,larkspur,,2595,1,-122.5362,37.9367
11/14/2014 12:20,Close to westlake mall,daly city,,1400,1,-122.480328,37.692412
11/14/2014 12:20,Cottage Style Home-FOR RENT,san bruno,,3050,2,,
11/14/2014 12:26,Chic Remodeled 2BD 1 BTH End Suite Nov. Rent Free Upon Credit Approval,sunnyvale,952,2450,2,-122.059349,37.375874
11/14/2014 12:26,"Reserve Now! Nice 2 Bedroom, 2 Bathroom Available",santa clara,1056,2495,2,-121.970402,37.324897
11/14/2014 12:24,"2X2 SPECIALSSSS!! Vaulted Ceilings,Fireplace,W/D,AC/HEAT. PETS OK!!",cupertino,1062,2955,2,-122.00607,37.332142
11/14/2014 12:28,TOP FL Large 1bd/1ba w/VIEW & LIGHT Avail Soon - Parking 50.00 Special,downtown / civic / van ness,,2950,1,-122.422113,37.782451
11/14/2014 12:28,Luxurious Living in the Hear of North Beach,north beach / telegraph hill,,3699,1,-122.414569,37.802069
11/14/2014 12:28,Nob Hill Apt - OPEN SUN NOV 16TH 11-12 PM - Great views & Location!,nob hill,,3400,1,-122.41447,37.793223
11/14/2014 12:14,Your new home awaits you,dublin / pleasanton / livermore,887,2079,2,,
11/14/2014 12:14,"2 Bedrooms Available NOW Full Size Wash/Dryer, Home Alarm + more!",fairfield / vacaville,1240,1794,2,-122.065198,38.249261
11/14/2014 12:12,A Unique One Bedroom Layout! Very Open and Inviting!,hayward / castro valley,563,1540,1,-122.096174,37.68793
11/14/2014 12:25,Escape to Your Own Invigorating Haven! Azure at Lakeville Square,petaluma,,2245,2,-122.60107,38.227663
11/14/2014 12:24,Best location in Marin! Saltwater Pool! Walk to Ferry & Shops!,larkspur,,3595,2,-122.5362,37.9367
11/14/2014 12:22,"Leave a holding deposit for a great apartment, WIN PRIZES!!!",rohnert pk / cotati,,1750,2,-122.708498,38.341814
11/14/2014 12:18,Great One Bedroom Near Stanford with Hardwood Floors,menlo park,,2595,1,-122.175608,37.446772
11/14/2014 12:17,"PALO ALTO: 2 Bd/2 BA Renovated for that ""Like New"" Feeling!",palo alto,,4500,2,-122.146902,37.429472
11/14/2014 12:16,We have a GREAT Apartment waiting for you!! Come see today!,menlo park,1154,3669,2,-122.1864,37.4396
11/14/2014 12:24,"Tennis Court, 7 Pools, & Driving Range at This Two Bedroom Apartment",cupertino,945,2995,2,,
11/14/2014 12:22,"5Br.-3Ba. Great house, location, floor plan and great schools...",san jose north,2776,4150,5,,
11/14/2014 12:19,STUNNING 5 Bedroom House in Beautiful Saratoga ~ A Must see!,saratoga,4005,6950,5,-122.013569,37.271943
11/14/2014 12:27,101 Lombard Townhouse w/ Views off Private Roof Deck ,north beach / telegraph hill,,4750,1,-122.404986,37.803833
11/14/2014 12:27,TOP Floor 1bd/1ba with VIEW/LIGHT Avail Now - Parking 50.00,downtown / civic / van ness,,2895,1,-122.422135,37.782434
11/14/2014 12:27,View unit in highly sought after building!,russian hill,,5400,1,-122.415572,37.79868
11/14/2014 12:12,Great Energy Modern Home,concord / pleasant hill / martinez,1726,2625,3,-122.0119,37.9841
11/14/2014 12:11,Great Location! Great Two Bedroom Apt.!Washer&Dryer!,walnut creek,900,1895,2,-122.05493,37.907858
11/14/2014 12:10,Available Immediately! ,fremont / union city / newark,985,2320,2,-121.999851,37.554409
11/14/2014 12:22,A HIDDEN GEM..... EXCELLENT LOCATION,santa rosa,,1705,2,-122.656775,38.4632
11/14/2014 12:14,ST HELENA WOODED HILLSIDE SETTING IN TOWN,napa county,2800,4250,3,-122.481408,38.492675
11/14/2014 12:01,Terrific Park View! Lots of storage! Walk to Ferry & Country Mart!,larkspur,,3495,2,-122.5362,37.9367
11/14/2014 12:16,3BEDROOM 1BATH TOWNHOME W/ PATIO! PG&E INCLUDED! $199 DEPOSIT!,san mateo,1267,3289,3,,
11/14/2014 12:16,"Professionally Remodeled Home, 3br 2ba * cul-de-sac Professionally Red",redwood city,1994,1375,3,,
11/14/2014 12:14,BREATHTAKING WIDE WATER VIEWS - 2 huge master suites!!,foster city,1603,3600,2,-122.27,37.5538
11/14/2014 12:18,Lovely Los Gatos 1 Bedroom! **AVAILABLE NOW!**,los gatos,,1695,1,-121.975708,37.230773
11/14/2014 12:18,Furnished Turnkey Unit in Downtown Los Gatos,los gatos,400,2425,1,-121.9806,37.221478
11/14/2014 12:18,Charming Los Gatos 2 Bedroom on Loma Alta!,los gatos,950,2795,2,-121.971204,37.220835
11/14/2014 12:26,"LARGE Studio with HARDWOOD Flrs, Updated Kitchen/Bath - Parking Avail",nob hill,,2750,,-122.423701,37.792151
11/14/2014 12:25,"Top, 2nd Floor 2BR/1BA Corner Apartment in Cole Valley Open Sun 1pm",cole valley / ashbury hts,,3750,2,-122.451296,37.764473
11/14/2014 12:22,Well Maintained Spacious 2 Br/1Ba Flat with City Light View,excelsior / outer mission,1357,3600,2,,
11/14/2014 12:09,"SUNNY, SPACIOUS ONE BEDROOM AWAITS YOU...",dublin / pleasanton / livermore,,1799,1,-121.885586,37.668111
11/14/2014 12:09,3 bedroom home for rent,san leandro,1400,2700,3,-122.134676,37.715229
11/14/2014 12:06,great location great monthly price,san leandro,,1395,1,,
11/14/2014 12:00,Month to Month No Lease,san rafael,1200,2175,2,-122.549911,38.007684
11/14/2014 11:58,** CHARMING REMODELED 2BD/2BA NEAR HISTORIC DOWNTOWN **,larkspur,1000,3050,2,,
11/14/2014 11:55,Lovely Single Story Home,healdsburg / windsor,,2775,,-122.822366,38.552051
11/14/2014 12:13,Enhance Your Surroundings in Your New 2B/2BA Home at Pescadero! Comin,redwood shores,1112,2895,2,-122.2486,37.5331
11/14/2014 12:12,Beautiful House in San Mateo,san mateo,,3995,3,-122.290599,37.562762
11/14/2014 12:10,Two Bedroom One Bath - Check This Out! Available December 15,millbrae,900,2775,2,,
11/14/2014 12:18,"Lease Your New Home Today! Great location, close to Levi's Stadium ",santa clara,1216,2744,2,-121.956769,37.39574
11/14/2014 12:18,GREAT Saratoga 3-Bedroom House with 3 Full Bathrooms,saratoga,2859,4899,3,-122.025275,37.270706
11/14/2014 12:18,Move In Now - Be Home for the Holiday's ,san jose north,1150,2531,2,,
11/14/2014 12:22,"2br Pacific Heights Classic Flat, deck, pkg - Near Union St. ~ J.Wavro",marina / cow hollow,,5500,2,-122.428538,37.796063
11/14/2014 12:20,Open House 11/15 Sat 3pm! 3-4 BR. New Kitchen. W/D hookups. ~ J.Wavro,alamo square / nopa,,5875,4,-122.43594,37.774277
11/14/2014 12:20,"Convenient Access, Fitness Ctr, Personal Trainer, Public Transport",financial district,1211,4856,2,-122.394828,37.790362
11/14/2014 12:06,Adams Pt. 1 bdrm! Great location!,oakland lake merritt / grand,835,1595,1,-122.257449,37.81424
11/14/2014 12:05,Spacious living & corner apt : eat-in kitchen : Laundry & POOL,"hercules, pinole, san pablo, el sob",734,1351,2,-122.330973,37.951929
11/14/2014 12:05,Great Features - Price - Location - Spacious Large Townhome,"hercules, pinole, san pablo, el sob",989,1495,2,-122.3369,37.9724
11/14/2014 11:55,Tree house in San Anselmo ,san anselmo,1250,3200,2,-122.580906,37.980501
11/14/2014 11:55,Some Utilities Included! 1B/1B Townhome Available For Rent! ,napa county,690,1275,1,-122.302465,38.314858
11/14/2014 11:53,Lakeport Solar Home for Rent,lake county,1640,1200,3,,
11/14/2014 12:10,Brand New Apartment Homes! ,san bruno,532,2576,1,-122.463576,37.637548
11/14/2014 12:09,Fall Living At Park Regent! 1BD/1BA Just For You !!!,mountain view,,2088,1,-122.098553,37.395403
11/14/2014 12:07,Extra large 2bd/2ba unit near Downtown ,los altos,1500,2950,2,,
11/14/2014 12:17,LIVE IN A RESORT STYLE COMMUNITY IN A PRIME SANTA CLARA LOCATION,santa clara,,2769,3,-121.956396,37.356394
11/14/2014 12:15,"Located near Apple Shuttle, Renovated, Wd Floors, WD in unit",san jose west,1050,2695,2,-121.982033,37.321306
11/14/2014 12:15,~*~*~ Fall In Love With Our Community and Downtown Sunnyvale ~*~*~,sunnyvale,1116,2995,2,-122.027034,37.376455
11/14/2014 12:20,"Charming Glen Park 2BR/2BA Flat w/Parking, Shared Yard Open Sun 3pm",glen park,,3995,2,-122.427757,37.736478
11/14/2014 12:19,Split-Level Cottage-Style 3BR/1.5BA Marina Cow Hollow Open Sun 1pm,marina / cow hollow,,5195,3,-122.427907,37.801273
11/14/2014 12:19,Beautiful!! FULLY RENOVATED **OPEN HOUSE Sat. Nov. 15th 12pm-3pm**,haight ashbury,850,3250,1,-122.440263,37.777556
11/14/2014 12:05,Ideal corner apartment :: Spacious living area and a Relaxing POOL,"hercules, pinole, san pablo, el sob",735,1350,2,-122.330973,37.951929
11/14/2014 12:03,3BD/2BA Apartment with Quartz Countertops,fremont / union city / newark,1320,2626,3,,
11/14/2014 12:03,"2 BDRM, 1 BATH, 2 blocks to BART, 1 block to E.C. Plaza",albany / el cerrito,,1995,2,,
11/14/2014 11:51,2ba Luxury Apartment - Finest Location in Napa,napa county,942,1795,2,-122.301865,38.304402
11/14/2014 11:40,Don't wait! These spacious apartment homes are going fast!,petaluma,1263,2606,2,-122.637496,38.233516
11/14/2014 11:34,Napa*Huge*5 Bed*loft*$3495 a month,napa county,3500,3495,5,-122.269684,38.290821
11/14/2014 12:02,2 Bedroom Townhome Apartment Available Now. Enclosed Back Patio!,san mateo,941,2739,2,-122.299461,37.533773
11/14/2014 12:01,THIS IS YOUR NEW HOME!! Updated Large 4 bedrooms/2.5 baths,foster city,2200,4100,4,-122.255148,37.561427
11/14/2014 12:01,Spacious 1 bedroom! Private patio and walk in closet! ,san bruno,697,2046,1,-122.462848,37.636965
11/14/2014 12:14,Downstairs 1B1B with a full size Washer & Dryer!! Move-in Now!!!,cupertino,701,2307,1,-122.023377,37.320514
11/14/2014 12:12,Large Home across from Golf Course! Near 85 and 101 in Santa Teresa!,san jose south,2347,3450,4,-121.773362,37.222418
11/14/2014 12:11,Two Bedroom With Walk-In-Closet And Washer & Dryer!,san jose west,809,2200,2,-121.950268,37.308942
11/14/2014 12:17,Large 6 bedroom 3 bath with w/d in unit and parking,alamo square / nopa,,15000,6,-122.440948,37.779505
11/14/2014 12:17,"★PHOTOS★Amenities, Hardwoods, Deck, Parking, Doorman",downtown / civic / van ness,,3500,1,,
11/14/2014 12:16,Cozy 1 bedroom 1 bath Apartment,ingleside / SFSU / CCSF,,950,1,,
11/14/2014 12:02,1 Bed/ 1 Bath available for rent,albany / el cerrito,,1200,1,,
11/14/2014 12:02,"Spacious 2x1, Top Floor, Beautiful View of the Creek! Available NOW!!",walnut creek,1000,1937,2,-122.05182,37.884212
11/14/2014 12:01,Don't Wait Call Us Today!! Ask About #501.,fremont / union city / newark,800,2282,2,-121.963571,37.539336
11/14/2014 11:33,Charming Ross Home on Shady Lane --PRANDI,kentfield / ross,1680,6000,3,-122.560889,37.966823
11/14/2014 11:33,$750 Off On First Month's Rent /Remodeled,petaluma,900,1575,2,-122.641017,38.248664
11/14/2014 11:32,Comfortable Newly Renovated Condo Unit ,sonoma,,1695,2,-122.474757,38.301759
11/14/2014 12:01,Newly updated 3 bed 2 bath single family home,palo alto,1300,4900,3,-122.1274,37.418
11/14/2014 12:01,3x3.5 Modern Townhome - Finished Basement w/ Wet Bar! ,los altos,,5995,3,-122.115183,37.399483
11/14/2014 12:01,Available mid-Nov! 1BR Townhome w/ Private Patio! Near PA & MV,los altos,800,2995,1,-122.117779,37.399022
11/14/2014 12:11,"$2,145 808 SQ FT WITH FREE PARKING! CALL NOW!",san jose downtown,808,2145,1,-121.894846,37.353364
11/14/2014 12:10,"1 MONTH FREE! 2br/1.5ba Townhouse, Washer/Dryer, Los Gatos Schools",los gatos,1170,2600,2,-121.967968,37.252443
11/14/2014 12:10,Large Townhouse Ready Now Near Apple Cupertino Schools Pool Spa,sunnyvale,1100,2895,2,-122.034675,37.34202
11/14/2014 12:15,Open House 11/15 Sat 2:45pm! Amazing 1BR + office ~ J.Wavro,alamo square / nopa,,3475,2,-122.43594,37.774277
11/14/2014 12:14,"Westwood Park 3 Bedrm,1.5 Bath ",ingleside / SFSU / CCSF,1900,4400,3,-122.456582,37.725809
11/14/2014 12:14,Adjustable Metal Bed Frame (Queen/Full/full XL/Twin/Twin XL),950 Linden Ave Ste B,,34,1,-122.407313,37.661864
11/14/2014 12:01,Woodburning Fireplace in This Huge One Bedroom Apartment Home,fairfield / vacaville,740,1308,1,-122.03402,38.279305
11/14/2014 12:01,"Affordable Two Bedroom Near Public Transportation, Shopping and Dining",walnut creek,1000,2176,2,,
11/14/2014 11:59,Beautiful 4/3 Home in Brentwood & Close to Hwy-4 Bypass & Excellent Scho,brentwood / oakley,2067,2150,4,-121.726799,37.938376
11/14/2014 11:31,Newly Renovated 2 Bedroom Upper Unit Duplex in Sausalito! --PRANDI,sausalito,,3800,2,-122.494604,37.862135
11/14/2014 11:31,Sophisticated City Living,tiburon / belvedere,1080,3450,2,-122.46074,37.881348
11/14/2014 11:31,SPECTACULAR WATER VIEWS AVAILABLE,tiburon / belvedere,1130,3398,2,-122.46074,37.881348
11/14/2014 12:00,Close to University of California San Francisco,pacifica,1015,2987,2,-122.485858,37.633649
11/14/2014 11:59,"Top floor condo, centrally located to downtown, BART, SFO, convenience",millbrae,1068,3495,2,,
11/14/2014 11:59,This Gorgeous Studio Is near the Best of Palo Alto & Mountain View,mountain view,530,2145,,-122.115988,37.404468
11/14/2014 12:10,Enjoy up to 6 weeks free! Brand new resort-style community,san jose north,702,2405,1,-121.939981,37.402134
11/14/2014 12:09,$500 off first month's rent! 1B/1B Available Today! ,san jose west,,1575,1,-121.973868,37.307217
11/14/2014 12:09,$500 Off~1BD/1BA apartment available Now! ,santa clara,,1695,1,-121.963486,37.330974
11/14/2014 12:13,2x2 Large Apartment ,ingleside / SFSU / CCSF,1090,3299,2,,
11/14/2014 12:12,Furnished 1 BR in Heart of Nob Hill- Walk to Union Square & FiDi,nob hill,,3399,1,-122.408976,37.791089
11/14/2014 12:11,Large 2bd/bath Heart of Mission Furnished Short Term Sublet,mission district,1500,4200,2,-122.413926,37.750903
11/14/2014 11:58,Worth the wait in San Ramon,danville / san ramon,,1025,1,-121.906185,37.760401
11/14/2014 11:57,Last 2 bedroom Available for IMMEDIATE move in!,alameda,975,1850,,-122.281216,37.777581
11/14/2014 11:56,2br 1.5 Bath Townhouse in El Sobrante,"hercules, pinole, san pablo, el sob",,1450,2,-122.29768,37.976823
11/14/2014 11:31,SPECTACULAR WATER VIEWS AVAILABLE,tiburon / belvedere,1130,3398,2,-122.46074,37.881348
11/14/2014 11:30,SPECTACULAR WATER VIEWS AVAILABLE,tiburon / belvedere,1130,3498,2,-122.46074,37.881348
11/14/2014 11:53,Huge & Bright 1x1 Top Floor! One Month Free Rent,san mateo,915,3330,1,-122.307115,37.549409
11/14/2014 11:52,AMAZING WATERFRONT HOMES- WORK. PLAY. LIVE. BOAT.,foster city,,2363,1,-122.256341,37.554378
11/14/2014 12:08,BRAND NEW 2 BED 2 BATH CUPERTINO SCHOOLS NEAR APPLE CUPERTINO ,cupertino,1000,2895,2,-122.034675,37.34202
11/14/2014 12:08,SHORT LEASE Brand New NEAR APPLE POOL Cupertino Schools,sunnyvale,600,2150,1,-122.034675,37.34202
11/14/2014 12:11,"Quaint, Remodeled Unit, Natural Light, Garaged Parking & Laundry",inner richmond,,2200,1,-122.473042,37.783354
11/14/2014 12:11,Nice modern 2-bedroom with garage,sunset / parkside,,2500,2,-122.502065,37.735766
11/14/2014 11:56,"Upgraded Studio, Very Spacious, Open Bar Kitchen, Walk In Closet!",walnut creek,,1635,,-122.0549,37.9053
11/14/2014 11:55,Pet-Friendly Community in Vacaville for the Active Lifestyle!,fairfield / vacaville,,1286,2,,
11/14/2014 11:30,End Unit Sausalito Townhouse with Expansive Views --PRANDI,sausalito,1322,3200,2,-122.511914,37.875514
11/14/2014 11:30,PENDING! Updated 2 Bedroom Condo In Terra Linda --PRANDI,san rafael,1077,2295,2,-122.540973,38.010432
11/14/2014 11:50,Close to Everything but Far From Ordinary ... Pescadero Apts.,redwood shores,1112,2895,2,,
11/14/2014 11:49,Amazing HUGE 3 bd,san mateo,1600,2950,3,-122.331424,37.568668
11/14/2014 12:07,Stylish Interiors in Prestigious Neighborhood,sunnyvale,700,2149,1,-122.0238,37.3764
11/14/2014 12:06,Awesome and Spacious 1BR/1BA at a beautiful community!!!,san jose south,675,1825,1,-121.900083,37.252108
11/14/2014 12:05,"Convenient location, spacious floor plan and a beautiful views",sunnyvale,900,2498,2,-122.0238,37.3764
11/14/2014 12:09,"Furnished 11th Floor w/ Bay Bridge, Alcatraz, Coit Tower & FiDi Views",russian hill,,3644,,-122.419797,37.802927
11/14/2014 12:09,Enjoy the sunset views from your living room windows! ,noe valley,,4499,2,-122.432928,37.746456
11/14/2014 11:55,"""ALL NEW"" 2Bdrm, 1Bath, 4-Plex in W. Oakland",oakland west,,1695,2,,
11/14/2014 11:55,DOWNTOWN WC ROOM FOR RENT,walnut creek,,1000,1,-122.057473,37.900424
11/14/2014 11:55,Beautiful & Lovely Home for Rent,AMERICAN CANYON,,2500,4,-122.265579,38.167573
11/14/2014 11:30,Delightful 3 Bedroom Home with Hardwood Flooring & Yard! --PRANDI,san anselmo,2200,3900,3,-122.58165,37.987646
11/14/2014 11:30,"Stunning Quality First Time Rental, A Must See! --PRANDI",mill valley,1850,4950,3,-122.514446,37.892297
11/14/2014 11:49,Beautiful One Bed / One Bath Available Now. We Pay Gas & Electricity!,san mateo,676,2130,1,-122.299418,37.53379
11/14/2014 11:49,Citihomes East Town house,foster city,1230,3200,2,-122.274404,37.558982
11/14/2014 12:04,"We pay for water, garbage and sewer.",san jose south,700,1725,1,-121.93103,37.247843
11/14/2014 12:03,"$500.00 Off Select 2 Bedroom, 1 Bath, Ready for Move In Now, Pool, Pet",milpitas,820,2100,2,-121.881369,37.42739
11/14/2014 12:07,A chic home that will make your friends jealous! 1 bed / 1 bath! ,potrero hill,,3475,1,,
11/14/2014 12:07,159 Panama Street,ingleside / SFSU / CCSF,1100,3500,3,,
11/14/2014 12:07,"MUST SEE Open House Sat 11/15 10am-12pm 1 bedrm, garage, storage",,,2495,1,-122.464462,37.752899
11/14/2014 11:53,$1800 - 2Bedroom/2.5Bath Gated Townhouse in Convenient Location ,"hercules, pinole, san pablo, el sob",1110,1800,2,-122.344,37.961931
11/14/2014 11:53,Beautiful 3 bedroom Pent house,oakland lake merritt / grand,,3000,3,-122.25228,37.811227
11/14/2014 11:30,"PENDING! Duplex, Washer/Dryer, 2 Car Garage and Large Deck --PRANDI",sausalito,,3200,2,-122.499178,37.864912
11/14/2014 11:27,A Must See! Towpath Village- Napa,napa county,1538,2850,2,,
11/14/2014 11:46,Friday Luxe Apartment Deal Specials at PARK 20! ,san mateo,,2600,,-122.2998,37.5395
11/14/2014 11:46,Cozy In-Law in Vallemar!,pacifica,400,1750,1,-122.476758,37.612594
11/14/2014 11:45,One Bedroom One Bath With Private Yard!,palo alto,650,1995,1,-122.123417,37.430094
11/14/2014 12:02,Large 1bd/1ba-Completely Renovated ,santa clara,,1595,1,-121.9517,37.345949
11/14/2014 12:02,Ah! this spacious 1x1 is ready for move-in now. Inquire today!,san jose north,721,1890,1,-121.854881,37.362105
11/14/2014 12:06,Adjustable Metal Bed Frame (Queen/Full/Full XL/Twin/Twin XL),950 Linden Ave Ste B,,32,1,-122.407313,37.661864
11/14/2014 12:06,"423 34th Avenue, #3",richmond / seacliff,750,2700,2,-122.494489,37.781144
11/14/2014 11:52,See Whats Exciting and New At Sofi Dublin! 2x2 With Washer And Dryer,dublin / pleasanton / livermore,920,2230,2,-121.936169,37.702129
11/14/2014 11:51,****2BR/2B Condo for rent****,oakland hills / mills,1123,2395,2,-122.14906,37.771356
11/14/2014 11:51,Beautiful One Bedroom Apt.! Washer&Dryer! Call Today!,walnut creek,600,1975,1,-122.054973,37.907908
11/14/2014 11:25,Live a Life of Luxury with Two Master Bedrooms!,rohnert pk / cotati,920,1654,2,-122.685595,38.3561
11/14/2014 11:24,Sunny Hamilton home,novato,1730,2975,3,-122.515594,38.061769
11/14/2014 11:44,$2000 OFF!!! Relax In Our Waterfront Community!,foster city,1050,2924,2,-122.27,37.5538
11/14/2014 11:42,"VERY CLEAN, LIKE NEW, 1 BEDROOM",SAN BRUNO,,1400,1,,
11/14/2014 11:42,A Magnificent Studio Located on the Top Floor with Washer and Dryer,belmont,500,2070,,-122.300837,37.508625
11/14/2014 12:02,"SENIOR LIVING, The Chai House II Has One Bedroom Homes Coming Soon ",san jose west,,1287,1,,
11/14/2014 12:01,Condo style living @ Willow Lake!,san jose north,732,1989,1,,
11/14/2014 12:00,Large Upstairs One Bedroom Available 12/23!!,campbell,650,1775,1,-121.965668,37.293942
11/14/2014 12:05,"27th floor ONE BEDROOM Downtown/Bay Views, Washer/Dryer in Unit",downtown / civic / van ness,879,4555,1,-122.417341,37.776414
11/14/2014 12:05,Spacious Jr 1x1 - Luxurious Amenities - Walk to Bart! SOMA,SOMA / south beach,,2299,1,-122.413034,37.777555
11/14/2014 11:50,"PARK-LIKE LANDSCAPING, POOL, SPA, FITNESS CENTER",fremont / union city / newark,,1745,1,-121.9999,37.5605
11/14/2014 11:50,Exceptional 2BR/2BA Apartment!,vallejo / benicia,778,1706,1,-122.149733,38.060886
11/14/2014 11:24,Modern 2-Story Hillside Home with Views in Belvedere Open Sun 11:30am,tiburon / belvedere,,5795,3,-122.464063,37.872397
11/14/2014 11:23,Fitch Mountain Cabin,healdsburg / windsor,,1395,2,-122.83075,38.621449
11/14/2014 11:41,"Beautiful remodeled home in Old Palo Alto, immediate move in",palo alto,1200,3975,2,-122.142713,37.430381
11/14/2014 11:40,Large 2 Bed/1 Bath Apartment Available Now. New Doggie Park Now Open!,san mateo,904,2539,2,-122.299461,37.533654
11/14/2014 11:39,Like What You See?? Then Pick Up The Phone & Give Us A Call!!,belmont,950,2452,2,-122.278004,37.524567
11/14/2014 12:00,Looking to move this weekend? CALL NOW!!,san jose downtown,1056,2640,2,-121.894846,37.353364
11/14/2014 11:59,"$800 move-in bonus, Close to Apple, ebay etc. W/D, spa, sauna, gym",santa clara,1060,2445,2,-121.972069,37.326742
11/14/2014 12:02,BAY VIEWS! Fully Furnished Designer 1 BR~ $200 DEPOSIT SPECIAL!!,russian hill,,3699,1,-122.419797,37.802927
11/14/2014 12:01,1 Bed & 1 Bath in Heart of SF! $500 Security Deposit! 1190 Mission St,SOMA / south beach,,3049,1,-122.413034,37.777555
11/14/2014 11:50,"Beautiful home, french doors in the master suite",Lodi,1349,1195,3,,
11/14/2014 11:49,"Townhouse for rent. $ 2,100.",walnut creek,,2100,2,,
11/14/2014 11:49,Newly updated home,Oakdale,1346,1325,3,-120.83655,37.765811
11/14/2014 11:22,"GORGEOUSLY UPDATED 2X2 - DESIGNER APPLIANCES, COUNTERS & PAINT",santa rosa,,2199,2,-122.672932,38.455
11/14/2014 11:20,Charming westside cottage,petaluma,650,1450,1,-122.715299,38.285816
11/14/2014 11:19,****BEAUTIFUL MEDITERRANEAN. ****,san anselmo,850,2199,1,-122.5711,37.9846
11/14/2014 11:39,"Pacifica duplex, Ocean Views 2 BD/2 BTH BIG garage! Great location!",pacifica,1000,2900,2,-122.481385,37.650534
11/14/2014 11:39,"Gorgeous 1BD/1BA, Large Floor Plan, Coming Soon!!!",mountain view,,2188,1,-122.097272,37.397796
11/14/2014 11:58,1 Bedroom or Studio - Downtown,los gatos,625,1800,1,-121.9834,37.2296
11/14/2014 11:58,"Cahill Park 793 sq ft 1BD - walk in closet, central A/C heat, & W/D",san jose downtown,793,2270,1,-121.90522,37.331539
11/14/2014 11:59,Dolores Park 2 Bed 1.5 Baths Flat On Liberty St,noe valley,,4995,2,-122.428679,37.757144
11/14/2014 11:59,Weekend Open House: Furnished 2 Bedroom w/ Utilities Included!!!,north beach / telegraph hill,,4209,2,-122.414569,37.802069
11/14/2014 11:47,"Large Single Story Home, garage, bkyd, hdwd, W/D ",oakland north / temescal,1405,2955,2,-122.267618,37.846765
11/14/2014 11:47,Nice 2 bedroom 1 ba unit,alameda,,1750,2,,
11/14/2014 11:18,Newer Designer Large Home-lowered price :),santa rosa,2800,3600,3,-122.693175,38.429451
11/14/2014 11:18,Charming 3 bedroom home in Napa!,napa county,,2000,3,-122.308171,38.285985
11/14/2014 11:37,"After a Hectic Day, Come Home to Tranquility at Pescadero.",redwood shores,743,2495,1,-122.233621,37.537754
11/14/2014 11:36,Large 1 Bedroom/1 Bath Aparment Available! Dogs Love Us!,san mateo,782,2082,1,-122.29944,37.533688
11/14/2014 11:58,Abundant Savings! 2 Bedroom Townhome starting at $2685!!!!,san jose downtown,1051,2685,2,-121.9153,37.3249
11/14/2014 11:58,COTTAGE AVAILABLE IN FORMER MOUNTAIN RESORT,los gatos,,1250,1,,
11/14/2014 11:56,Chic Urban One Bedroom!,san jose downtown,800,1950,1,-121.902428,37.349599
11/14/2014 11:58,Nob Hill Furnished STUDIO,nob hill,350,2400,,-122.413015,37.794339
11/14/2014 11:56,3 bedroom/ 2 bath,twin peaks / diamond hts,1265,5010,3,-122.440088,37.745296
11/14/2014 11:46,Now leasing for immeidate and December Move Ins,alameda,720,1850,2,-122.281216,37.777581
11/14/2014 11:46,"2 Bd-2.5 Bath ""Redwood Glen"" Townhouse, Castro Valley",hayward / castro valley,866,1775,2,-122.074276,37.698803
11/14/2014 11:15,Townhouse with a View,rohnert pk / cotati,1150,1595,2,-122.6941,38.347
11/14/2014 11:15,RV or Trailer Parking,lake county,,500,,,
11/14/2014 11:35,3/2 Professionally Landscaped See Photos,half moon bay,1936,1485,3,,
11/14/2014 11:33,Pet Friendly Property! Large 3x2 w/ Ample Storage!,belmont,1150,2850,3,-122.2927,37.5174
11/14/2014 11:32, 2 BDRM COMPLETE REMODEL,SAN BRUNO,,2200,2,,
11/14/2014 11:56,Spacious One Bedroom Available Now !,san jose south,700,1725,1,-121.93103,37.247843
11/14/2014 11:55,101 San Fernando***Great View***Balcony***San Fernando Views,san jose downtown,1077,3823,2,-121.887166,37.335441
11/14/2014 11:55,Available in our Newest of Six Villages!,san jose south,746,1905,1,-121.838561,37.275733
11/14/2014 11:54,The Keys to Your New Home Are Waiting. Apply Online Today!,ingleside / SFSU / CCSF,1100,3900,2,,
11/14/2014 11:54,$200 Deposit! Fully Furnished & Spacious! Classic SF 2 BR/ 2 BA,nob hill,,4674,2,-122.409715,37.790996
11/14/2014 11:45,Relocate to Alameda Island!,oakland downtown,925,1850,2,,
11/14/2014 11:45,2BR close to everything.. (LEASE TAKE OVER APT. 124),berkeley,779,3400,2,-122.27018,37.868309
11/14/2014 11:10,"Calistoga one bedroom,garage Rare oportunity",napa county,600,975,1,-122.584913,38.581553
11/14/2014 11:06,Huge & Spacious Corner Town Home Available Now - Newly Renovated,tiburon / belvedere,1275,4650,2,-122.499192,37.895069
11/14/2014 11:31,Gorgeous 2 Bedroom with Den!! Take a tour today!!,menlo park,1340,3949,2,-122.1864,37.4396
11/14/2014 11:30,"Near cafes, shops, Cal Train, Garage parking, gym, resort pool",san mateo,1150,3695,2,-122.32568,37.566935
11/14/2014 11:54,101 San Fernando*** 2x2 Townhome**Facing 3rd Street,san jose downtown,1412,3527,2,-121.887166,37.335441
11/14/2014 11:54,"Move In Special! Up to $1000 Off! Beautiful, Gorgeous One Bedroom Apt",cupertino,546,2517,,-122.016563,37.33275
11/14/2014 11:53,Carmelita Paradise. Start living the good life!,alamo square / nopa,1900,6600,3,-122.43431,37.770172
11/14/2014 11:53,A brand new flat in San Francisco. ,laurel hts / presidio,650,3200,2,-122.459256,37.786623
11/14/2014 11:45,Beautiful Tracy Home!,dublin / pleasanton / livermore,2698,2395,3,-121.4955,37.6567
11/14/2014 11:45,Beautiful Hercules Home!,"hercules, pinole, san pablo, el sob",1680,2295,3,-122.2637,38.0066
11/14/2014 11:45,"Large home, lots of living space!",vallejo / benicia,2125,1950,4,-122.237064,38.076077
11/14/2014 11:06,$1900Country House in East Sebastopol,sebastopol,,1900,3,-122.801206,38.351013
11/14/2014 11:05,"Close to 101, Lease Today, Washer Dryer",san rafael,650,2231,1,-122.532205,38.021326
11/14/2014 11:29,"Move-in Now! Perfect Apt for You! Bright, Spacious & Pool View!",belmont,950,2457,2,-122.278004,37.524567
11/14/2014 11:29,New 3 Bed with Attached Garage on the Marina!,redwood city,1416,4700,3,-122.22384,37.499293
11/14/2014 11:53," Upstairs apt w/UPGRADED kitchen, NEW carpet & paint! Onsite laundry!",san jose downtown,450,1375,1,-121.922367,37.344641
11/14/2014 11:53,1 bedroom apt near Valley Med,san jose west,,1375,1,-121.9356,37.3163
11/14/2014 11:52,Elegant First Floor 2BR/1BA Cow Hollow by The Triangle Open Sun 2:15pm,marina / cow hollow,,3795,1,-122.43546,37.798086
11/14/2014 11:50,Spacious View Townhouse in Very Quiet Location - OPEN SAT 1-3,castro / upper market,1900,5850,3,-122.436121,37.753568
11/14/2014 11:49,Charming single family home in Merced Heights,ingleside / SFSU / CCSF,,3150,2,-122.468951,37.719659
11/14/2014 11:44,2Br/2Bath Single Story w/attached garage WC $2400,walnut creek,1200,2400,2,-122.044244,37.925938
11/14/2014 11:44,"""All New"" 1Bdrm, 1Bath, Duplex in W. Oakland",oakland west,,1550,1,,
11/14/2014 11:44,Near Lake Meritt ,oakland lake merritt / grand,,1695,1,-122.25228,37.811227
11/14/2014 11:03,Quiet Enchantment in Rincon Valley,santa rosa,,1850,3,-122.654209,38.464187
11/14/2014 11:03,*.*Large Beautiful Townhouse w/Fireplace Rohnert Park*.*,rohnert pk / cotati,1200,1595,2,-122.682524,38.348926
11/14/2014 11:27,Serene Living in Menlo Park....Beautiful & Spacious 2 BR ready now! ,menlo park,1154,3664,2,-122.1864,37.4396
11/14/2014 11:26,888 San Mateo-Walk to Burlingame Ave! New with A/C & Washer/Dryer!,san mateo,1059,3595,2,,
11/14/2014 11:24,"Corner 3x2 w/ New Carpet, 2-Car Carport & Large Storage Area! ",belmont,1150,2850,3,,
11/14/2014 11:53,"Small 1BDR nr Alameda/Hedding, Upgraded Kitchen! Nice Rose Garden Area",san jose downtown,450,1375,1,-121.922367,37.344641
11/14/2014 11:53,101 San Fernando *****Great Price for a 1x1 | M/I 10/10/2014,san jose downtown,676,2482,1,-121.887166,37.335441
11/14/2014 11:52,Single Family Home for Rent ,santa clara,1260,2700,2,-121.960107,37.325154
11/14/2014 11:49,Open House To View Your Next Split Level Apartment Home! ,russian hill,,5199,2,-122.41664,37.799506
11/14/2014 11:49,Lock in the rent control!,ingleside / SFSU / CCSF,942,3105,2,-122.482173,37.716418
11/14/2014 11:43,"""ALL REMODELED"" 3Bdrm, 2Bath, Duplex in W. Oakland",oakland west,,2295,3,,
11/14/2014 11:43,"""FULLY REMODELED"" 2Bdrm, 1Bath, Rear Duplex in W. Oakland",oakland west,,2095,2,,
11/14/2014 11:43, Available now! Bedroom in a newly remodeled house in El Sobrante,Brand New room- Month to Month,,,,,
11/14/2014 11:03,Walking distance to Sonoma State University,rohnert pk / cotati,1200,1600,2,-122.706775,38.34456
11/14/2014 11:03,Light filled condo in Beautiful Greenbrae,greenbrae,,2600,2,-122.535539,37.947954
11/14/2014 11:23,Beautiful Luxury Townhouse,san carlos,1700,3700,2,-122.264121,37.5061
11/14/2014 11:22,"Open House Saturday, Top Floor One Bedroom ",burlingame,,1800,1,,
11/14/2014 11:52,"NOW AVAILABLE!!! Newly Renovated, Cozy 2 Bdrm, 1 Ba, First Floor",san jose west,725,2200,2,-121.924897,37.320202
11/14/2014 11:52,Rosegarden neighborhood :: UPGRADED apt :: *On-site laundry*,san jose downtown,450,1376,1,-121.922367,37.344641
11/14/2014 11:48,Spacious View Townhouse in Very Quiet Location - OPEN SAT 1-3,castro / upper market,1900,5850,3,-122.436121,37.753568
11/14/2014 11:48,Open House Delightful & Cozy 2 Bedroom W/Hardwood Floor Near Sea Cliff,richmond / seacliff,,3050,2,-122.487345,37.784113
11/14/2014 11:48,Open House Beautiful 3 Bed/ 2.5 Bath W/View On Top Of Ashbury Heights,cole valley / ashbury hts,,6395,3,-122.444472,37.763404
11/14/2014 11:42,"524 E. 17th Street, Apartment, Oakland $1,625/month",oakland lake merritt / grand,,1625,2,-122.25156,37.797931
11/14/2014 11:42,Commuters Dream... Mins From I 580 & ACE Train..30 Mins From BART!!!!,"Tracy, Livermore",1064,1885,2,-121.452549,37.698457
11/14/2014 11:02,Walking distance to Sonoma State University,rohnert pk / cotati,1150,1600,2,-122.706847,38.344558
11/14/2014 10:57,"2bd/1ba, SPECIAL PRICING-TODAY!!!",rohnert pk / cotati,932,1695,2,-122.722263,38.349633
11/14/2014 10:55,For All Lifestyles Newly Remodeled Apts,santa rosa,1068,1725,2,-122.760493,38.512083
11/14/2014 11:21,"Be A Part Of Town Home Living Today! Spacious Floor Plan, Must see!",foster city,1350,2785,3,-122.261543,37.555698
11/14/2014 11:21,Large kitchen with washer dryer. ,mountain view,705,2489,1,-122.088,37.3855
11/14/2014 11:20,Just 1 mile south of the El Camino Real and Woodside Road intersection,redwood city,638,2566,1,-122.214745,37.469431
11/14/2014 11:50,"Walking distance to Shopping, Parks, Schools, Starbucks, Golf, etc....",sunnyvale,615,1900,1,-122.01313,37.357827
11/14/2014 11:49,Convenient Single Story Ready Now! Cats ok! No Pet Rent:),sunnyvale,615,1900,1,,
11/14/2014 11:47,Large Jr 1x1 in Soma at Mosso Apartments Ready for move in NOW!,SOMA / south beach,561,3095,,,
11/14/2014 11:45,This is a nicely sized one bedroom Apartment,castro / upper market,,2695,1,-122.433637,37.757751
11/14/2014 11:41,Beautiful Tracy Home!,dublin / pleasanton / livermore,2698,2395,3,-121.4955,37.6567
11/14/2014 11:40,"1401 Jackson St, 2 bed/1 ba, Gorgeous and Modern Condo near Downtown",oakland hills / mills,,2795,2,-122.216823,37.801941
11/14/2014 10:53,NE SANTA ROSA - 2014 QUEBEC TERRACE,santa rosa,1550,2000,3,-122.709614,38.460553
11/14/2014 10:53,"3 Bed/2.5 Bath Townhouse for Rent - 2,500",novato,1358,2500,3,,
11/14/2014 10:52,"2bd/2ba-W/D,Fireplace, Dual Master Suite SPECIAL PRICING TODAY!",rohnert pk / cotati,1240,1995,2,-122.722435,38.350138
11/14/2014 11:19,Updated 4BR/2B Home for rent in Mid Town Palo Alto - $6000/month,palo alto,2100,6000,4,-122.117974,37.438839
11/14/2014 11:18,Impressive Corner Unit Condo with Luxury Amenities,san bruno,850,2700,2,-122.431984,37.630418
11/14/2014 11:48,Stainless Steel Appliances Are Available in This 2x2 Residence!,san jose north,928,2210,2,-121.86937,37.366583
11/14/2014 11:48,"Great LOCATION near Kaiser Hospital::quality, affordable living",santa clara,750,1796,1,,
11/14/2014 11:48,"Great LOCATION near Kaiser Hospital::quality, affordable living",santa clara,750,1796,1,,
11/14/2014 11:45,Comfortable Quiet Studio for Rent,excelsior / outer mission,250,1500,,-122.4411,37.7195
11/14/2014 11:43,AMAZING BAY & GOLDEN GATE VIEW! Furnished & Very Spacious 2 BR/2.5 BA ,russian hill,,5630,2,-122.419797,37.802927
11/14/2014 11:42,★★★Top Floor Unit in an Exciting & Accessible Neighborhood,Guerrero/Market,620,3200,1,-122.424853,37.770748
11/14/2014 11:40,"1401 Jackson St., 1 bed/1bath, Gorgeous and Modern Condo near Downtown",oakland lake merritt / grand,,1995,1,-122.26568,37.802427
11/14/2014 11:39,"96 Linda,2/2,Super Clean, Hardwood, Solid, Walk to Pied. Ave",oakland piedmont / montclair,,2595,2,-122.248819,37.825577
11/14/2014 11:39,Studio,walnut creek,600,1100,,-122.036673,37.936723
11/14/2014 10:50,"Contemporary Loft Living Over Looking Albert Field, and Mt. Tam!",san rafael,846,2491,2,-122.524381,37.967681
11/14/2014 10:49,5485 Bodega Ave,petaluma,1500,1950,3,,
11/14/2014 10:47,VERY NICE 2BR/1BA LOWER END UNIT,san rafael,,1950,2,-122.523222,37.975192
11/14/2014 11:16,"See This Unit Today!! Large Corner End Unit, Only Pay Electric Bill",foster city,820,2251,1,-122.27,37.5538
11/14/2014 11:15,Relax in your large one bedroom home!,foster city,876,2793,1,-122.266222,37.568365
11/14/2014 11:48,"SPACIOUS, UPGRADED STUDIO with LOTS of STORAGE SPACE",santa clara,600,1625,,-121.978369,37.337841
11/14/2014 11:47,"LOCATION, LOCATION, LOCATION! Desirable & Spacious",san jose west,570,1695,1,-121.950183,37.246647
11/14/2014 11:41,Brand New Spacious Studio! Reserve Your New Home Today! ,mission district,,2999,,,
11/14/2014 11:41,Huge Floor Plan and Great Furnishings,north beach / telegraph hill,,3159,1,-122.40524,37.800934
11/14/2014 11:36,Cottage style home in a resort-like community !,dublin / pleasanton / livermore,,2150,2,-121.75463,37.676705
11/14/2014 11:36,"2537 Regent, Walk to UCB, Telegraph Ave., Spacious, Clean",berkeley,,2595,2,-122.257748,37.864673
11/14/2014 10:47,Lakeport Studio Apartment,lake county,,980,1,-122.912357,39.068697
11/14/2014 10:47,Take a Spin On The Prize Wheel to Win a Great Prize!,"333 ENTERPRISE DR., R. Park",,1525,1,,
11/14/2014 10:46,8467 Linden Ave! Beautiful 2 Bd/ 2 Ba House Available 11/1,rohnert pk / cotati,,1900,3,-122.7048,38.3259
11/14/2014 11:12,2-Bedroom/2-Bath Condo Available NOW! Open House This Weekend!,san bruno,850,2700,2,-122.431984,37.630418
11/14/2014 11:12,Walk to Caltrain,san mateo,722,2445,1,,
11/14/2014 11:11,Cuesta- Buri Buri SHOWN FRIDAY 11/14 @ 5:00PM Large yard,south san francisco,,2850,3,-122.444184,37.652534
11/14/2014 11:47,"well maintained, small, quiet, friendly apartment community",,570,1696,1,-121.950183,37.246647
11/14/2014 11:47,Serene and friendly Cambrian Park neighborhood::spacious apt,los gatos,570,1695,1,-121.950183,37.246647
11/14/2014 11:47,NEW! Kitchen & bath NEW! Flooring & light fixtures::Cats Welcome!!,santa clara,876,2396,2,-121.987906,37.34003
11/14/2014 11:40,Majestic Victorian Liberty Hill,mission district,750,3000,1,-122.422414,37.757687
11/14/2014 11:40,Back of Property-Bay Window-Backyard-Dishwasher-Open Sun 1:30-2 PM,marina / cow hollow,,2500,1,,
11/14/2014 11:36,"7629 Wells Ave #C, Newark, Avail. 12/27/14",fremont / union city / newark,700,1350,2,-122.039437,37.525639
11/14/2014 11:36,"366 Staten, Quality Building, Walk to Grand Ave and Lake",oakland lake merritt / grand,,1775,1,-122.254543,37.811484
11/14/2014 10:45,Make Us Your New Residence! - What Are You Waiting For?,santa rosa,1068,1725,2,-122.760493,38.512083
11/14/2014 10:45,"Large, sunny 4 bedroom house in Peacock Greens",san rafael,3100,5000,4,-122.478161,37.984393
11/14/2014 10:43,LAST DAY FOR FIRST MONTH FREE!! Come check out our renovated units!,santa rosa,641,1495,1,-122.676649,38.438102
11/14/2014 11:10,"Apply Today! Affordable 1 Bedroom Top Floor Unit, Only Pay PG&E!",foster city,650,2088,1,-122.261543,37.555698
11/14/2014 11:09,Lovely studio Suite in San Carlos ,san carlos,,3330,,-122.240968,37.498857
11/14/2014 11:09,"Visit Atrium Court Today! Beautiful, Large 1BD/1BA!!!!",mountain view,,2098,1,-122.098255,37.395276
11/14/2014 11:46,"2 Bed 1 Bath, W/D in unit, Central AC!",sunnyvale,935,2740,2,-122.017052,37.371814
11/14/2014 11:46,"Unique & spacious :: Downtown Apt, Nr Transportation/Everything!",san jose downtown,750,1950,1,-121.889277,37.336259
11/14/2014 11:39,CORNER VIEW CONDO! 2 BED 2 BATH DAWN CUSULOS * by AMSI,SOMA / south beach,,4000,2,-122.390742,37.787878
11/14/2014 11:39,VIEW 2 BED 2 BATH CONDO! 1 CAR PARKING! PATIO! DAWN CUSULOS *by AMSI,SOMA / south beach,1147,4500,2,-122.388779,37.786899
11/14/2014 11:36,"1705 164th Avenue, San Leandro, Avail. 1/10/15",san leandro,850,1350,2,-122.109089,37.698627
11/14/2014 11:36,"708 Chavel Court, Fremont, Avail.NOW Ext.43",fremont / union city / newark,3800,4680,5,-121.914082,37.5053
11/14/2014 11:36,"465 Nassau Lane, Hayward, Avail. 12/13",hayward / castro valley,1130,2100,3,-122.039573,37.622233
11/14/2014 10:43,Top Floor 2 bedroom avaialbe now in beautiful Terra Linda,san rafael,,2050,2,-122.546504,38.006561
11/14/2014 10:42,Limited Inventory - Be The First To Move Into Our Brand New Apartments,tiburon / belvedere,595,3000,1,-122.499192,37.895069
11/14/2014 11:09,Great coastal location. Within minutes commute to San Francisco!,pacifica,,2110,1,-122.491057,37.652568
11/14/2014 11:07,"AVAILABLE NOW, 1BD/1BA, Minutes From Downtown Mtn. View!!!!",mountain view,,2098,1,-122.098255,37.395276
11/14/2014 11:46,Downtown SJ! :: Elegant-Large-Modernized :: Near Everything!,san jose downtown,750,1951,1,-121.889277,37.336259
11/14/2014 11:46,Modern Dwntwn Apt :: Elegant &Affordable :: near transportation!,san jose downtown,750,1950,1,-121.889277,37.336259
11/14/2014 11:46,Urban Lux Vibe apt :: Stunning spacious living :: Garage Parking!,san jose downtown,750,2250,1,-121.888042,37.336653
11/14/2014 11:39,Great price on a 3 bedroom!,ingleside / SFSU / CCSF,1241,3889,3,-122.475822,37.720339
11/14/2014 11:39,CHARMING 1 BED 1 BATH CORNER APT! DAWN CUSULOS *,inner richmond,,3145,1,-122.456813,37.783929
11/14/2014 11:38,Corner studio/bay windows/walk in closet/available now,downtown / civic / van ness,600,2519,,-122.4186,37.7917
11/14/2014 11:36,"40884 Blacow Road, Fremont, Avail. NOW",fremont / union city / newark,1556,2800,4,-121.972897,37.523597
11/14/2014 11:34,Spacious 2-Story 4Bed 2Bath With Private Patio,berkeley,,3800,4,-122.277186,37.85039
11/14/2014 10:42,Two Weeks Free Rent! Move In By Next Friday! ,napa county,690,1275,1,-122.302122,38.314791
11/14/2014 10:32,All your needs in the heart of Petaluma!,petaluma,1028,1811,2,-122.592434,38.239307
11/14/2014 11:07,OPEN HOUSE SATURDAY 11/15 1-3PM NEWLY REMODELED 2 BEDROOM DUPLEX ,burlingame,1100,3295,2,-122.381182,37.592235
11/14/2014 11:06,"Walk to park, school and water's edge!",foster city,712,2456,1,-122.264943,37.569367
11/14/2014 11:04,Cozy One Bedroom with Gorgeous Water View Available!,redwood shores,680,2695,1,-122.2486,37.5331
11/14/2014 11:45,Quiet & private::Modern style apt::LUX features:: Parking included!,san jose downtown,939,2395,1,-121.888042,37.336653
11/14/2014 11:45,RENOVATED 1116 SQ FT COMING SOON!!!!,san jose downtown,1116,2855,2,,
11/14/2014 11:38,Weekend Open House: Furnished 1 Bedroom w/ Utilities Included!!!,north beach / telegraph hill,,3699,1,-122.414569,37.802069
11/14/2014 11:38,FURNISHED MARINA CHARMER!,marina / cow hollow,,3000,,-122.4342,37.7999
11/14/2014 11:34,"Lafayette - 2BR/2BA - large, sunny, walk to BART",lafayette / orinda / moraga,1200,1900,2,-122.119675,37.888324
11/14/2014 11:33,WOW...Affordable Luxury Living...One & Two Bedrooms Available Now!! ,Tracy,738,1430,1,-121.452645,37.698499
11/14/2014 11:33,"Newly Remodeled Hayward Townhouse w/ Deck, Parking Open Sun 4:15pm",hayward / castro valley,,1450,2,-122.067,37.6374
11/14/2014 10:27,3BED 2BATH HOUSE IN CLEARLAKE,lake county,1450,1200,3,-122.614653,38.936775
11/14/2014 10:26,"Lakeport, 2 Bed, 1.5 Ba, Huge Apt, (1000SF) Walk to town and lake",lake county,1000,850,2,-122.915806,39.033779
11/14/2014 11:04,Spacious remodeled home,los altos,2963,7500,5,-122.0857,37.34459
11/14/2014 11:03,"Fitness, Pools, Spa, Sauna, Private bike lockers, Spacious floor plans",mountain view,940,2895,2,-122.064686,37.37263
11/14/2014 11:02,MOVE IN SPECIAL for a Beautiful 2Bd 1Bth,san mateo,1040,2800,2,-122.287542,37.563188
11/14/2014 11:45,Newly remodeled! Comfortable living::storage & parking,santa clara,876,2395,2,-121.987906,37.34003
11/14/2014 11:45,Bright and spacious*Townhome*Washer/dryer**Lux Urban Vibe!,san jose downtown,1220,2996,2,-121.888042,37.336653
11/14/2014 11:37,Classic Old-San Francisco Style First Floor Studio Open Sun 1:50pm,haight ashbury,,2195,,-122.443678,37.770002
11/14/2014 11:36,HUGE Bright Unit in Fantastic Marina Location ,marina / cow hollow,,3400,1,-122.443936,37.804647
11/14/2014 11:36,FURNISHED Penthouse Studio near the Marina Green!,marina / cow hollow,,3400,,-122.443827,37.804811
11/14/2014 11:33,Completely Remodeled Martinez Home For Rent,concord / pleasant hill / martinez,1700,2495,4,-122.12327,38.00412
11/14/2014 11:33,updated Antioch house at very convenient location,pittsburg / antioch,1816,1850,4,-121.833293,37.992442
11/14/2014 10:25,2BR/2BA Special This Week - Newer Upscale Lifestyle Downtown's Best !,santa rosa,,2085,2,-122.717779,38.444095
11/14/2014 10:25,1BR/1BA Upscale Newer High -Rise.. Views ..Large Patio,santa rosa,,1835,1,,
11/14/2014 10:21,PHENOMENAL 5BDRM NAPA ESTATE AMIDST 13 ACRES OF VINEYARD PROPERTY ,napa county,4200,6000,5,-122.283228,38.345925
11/14/2014 10:59,Large 2 bed 2 bath condo with large balcony,redwood city,1360,2725,2,,
11/14/2014 10:59,Exlarge 1 Bedroom/ /CLOSE TO DOWNTOWN,redwood city,800,2050,1,-122.22144,37.486792
11/14/2014 10:57,Mtn. View Condo for Lease,mountain view,860,2500,2,-122.091602,37.395519
11/14/2014 11:45,SPECIALS!! NO APP FEE PLUS $500 OFF MOVE IN near Downtown Morgan Hill,morgan hill,701,1776,1,,
11/14/2014 11:44,2x2.5 ready for immediate move-in with amazing Specials Available! Cal,sunnyvale,1076,2650,2,-122.00397,37.368441
11/14/2014 11:44,BE IMPRESSED - EXPANSIVE PATIO INCL W/THIS 2 BEDROOM APARTMENT,cupertino,,2658,2,-122.038193,37.332631
11/14/2014 11:35,One of a Kind One Bedroom in Noe Valley! ,noe valley,,2849,1,-122.4383,37.745
11/14/2014 11:35,2BR CONDO IN THE HAIGHT - OPEN HOUSE SUN 11/16 11AM-12PM ,haight ashbury,900,4500,2,-122.451317,37.770477
11/14/2014 11:33,637 Powell St. #202 | Open Sun 11/16 12:30-1:30p,downtown / civic / van ness,1590,4500,2,-122.408886,37.79065
11/14/2014 11:33,Modern Downstairs 2br/1b Move-in Ready!!,fremont / union city / newark,,1450,2,-122.024701,37.594677
11/14/2014 11:32,"Come take a look, See if this is what you want!",emeryville,1087,2750,2,-122.279592,37.831328
11/14/2014 11:32,"High ceilings! 1 bed/1bath, third floor, garage,patio,washer/dryer",dublin / pleasanton / livermore,723,1992,1,-121.910468,37.710562
11/14/2014 10:21,REMODELED 4BDRM + BONUS RM 3BA AMERICAN CANYON HOME WITH LARGE YARD ,napa county,2000,2200,4,-122.25859,38.159414
11/14/2014 10:21,3 BEDROOM ATTACHED COUNTRY HOME ON OVER � ACRE,napa county,,2000,3,-122.230625,38.297684
11/14/2014 10:20,LIGHT & BRIGHT 3BEDROOM REMODELED NORTH NAPA HOME,napa county,2000,2600,3,-122.315514,38.326415
11/14/2014 10:56,Downtown New FLOORING/ NEW APPLIANCES/ POOL / LARGE PRIVATE BALCONY ,san mateo,740,2225,1,-122.3225,37.5735
11/14/2014 10:54,Mountain View Townhouse 3 BR / 2.5 BA,mountain view,1700,4200,3,-122.071924,37.394539
11/14/2014 11:43,A Must See! Fantastic Location! Beautiful Two Bedroom Apt Home!,morgan hill,901,2235,2,-121.65224,37.123767
11/14/2014 11:42,Nice 1 Bed/ 1 Bath Apartment for Rent!,san jose west,,1470,1,-121.971268,37.306065
11/14/2014 11:41,"Bike Lockers, Seven Pools, & More at This One-Bedroom Apt!",cupertino,790,2445,1,,
11/14/2014 11:33,"3 Bedrooms, 2 Baths Sunny & Nice Flat - a Must See!!!",richmond / seacliff,,3200,3,,
11/14/2014 11:32,Sunny Top Floor Loft With 1 1/2 Baths. Natoma @ 11th. ,SOMA / south beach,700,3280,1,-122.416104,37.773532
11/14/2014 11:31,Sunny Bright /Near Glen Park Bart/ $2635,glen park,900,2635,1,,
11/14/2014 11:32,Pleasanton Townhouse,dublin / pleasanton / livermore,1100,2150,2,-121.854043,37.658191
11/14/2014 11:32,"Beautiful 2x2, Extra Closet, Hardwood Floor, Washer&Dryer, READY NOW!!",walnut creek,1200,2290,2,-122.051848,37.88423
11/14/2014 11:31,Upgraded 1 bedroom in Fremont! Get $500 move in bonus!,fremont / union city / newark,650,1795,1,-121.9999,37.5605
11/14/2014 10:19,4 Bedroom / 2 Bath in Vacaville ,fairfield / vacaville,1540,1850,4,-121.954744,38.34859
11/14/2014 10:16,Redwood Park Apartment Homes,santa rosa,896,1535,2,-122.751299,38.467211
11/14/2014 10:54,1 bedroom (could be 2) - Extremely large apt across the creek from Palo Alto but,menlo park,1600,3250,1,-122.157675,37.454438
11/14/2014 10:54,"Exceptional, newer, stunning executive housing - amazing",palo alto,5025,15000,8,,
11/14/2014 10:54,Extremely large 1 bedroom (or could be 2 bedroom) apt across the creek from Palo,menlo park,1600,3250,1,-122.157675,37.454438
11/14/2014 11:39,Platinum Location! Excellent School! Pergo Floor,san jose west,615,1698,1,-121.984169,37.298442
11/14/2014 11:39,Enjoy the Fall Weather in your newly Bright & Airy Apartment!,san jose south,669,1725,1,-121.839766,37.27526
11/14/2014 11:36,Best Rate for a 2 Bedroom Ground Floor for Immediate Move-In,san jose north,1119,2445,2,-121.889132,37.386524
11/14/2014 11:31,LIVE at TIBURON -Everyday is a STAYCATION !,Tiburon ,1160,3425,2,-122.46074,37.881348
11/14/2014 11:31,3BR/2BA Freshly Renovated Garden Unit! Charm Galore! Laundry! PROGRE,potrero hill,,4750,3,-122.402969,37.758793
11/14/2014 11:30,TWO BEDROOM TWO BATH PLUS YARD,Tiburon ,1160,3550,2,-122.46074,37.881348
11/14/2014 11:30,Spacious & Beautiful Two-Story 5 Bed/ 3 Bath Home in Richmond ,richmond / point / annex,2636,2500,5,-122.321756,37.943284
11/14/2014 11:30,"Sophistication & Comfort, Great Amenities, Neighborhood You Want!",hayward / castro valley,1000,1995,2,-122.080874,37.697548
11/14/2014 10:15,Come Home to the Redwoods,santa rosa,896,1535,2,-122.751299,38.467211
11/14/2014 10:13,Super Spacious 2br/2ba in Sunny Terra Linda,san rafael,985,2050,2,-122.547812,38.006764
11/14/2014 10:53, Nice two-story Doelger home in Westlake for lease,daly city,,2695,3,-122.47402,37.676161
11/14/2014 10:52,"Fresh air, Nature, View, , Balcony, Bright & Spacious, 2bd/1bth",mountain view,796,2595,2,-122.071611,37.401492
11/14/2014 11:36,"SPACIOUS HOME! NEW APPLIANCES, Central A/C! Park-like View!",sunnyvale,1100,2939,2,,
11/14/2014 11:35,"Love Where You Live! Luxurious 2br2ba with Stainless Steel, W/D & AC!",santa clara,950,2763,2,,
11/14/2014 11:35,San Jose remodeled house all appliances included w/d security system ,san jose east,1100,2600,3,,
11/14/2014 11:30,"Russian Hill 1BR/1 Bath with Laundry, Deck, Fireplace Open Sun 1pm",russian hill,,3050,1,-122.417994,37.797543
11/14/2014 11:30,Great bay views,russian hill,978,3800,1,-122.417799,37.801267
11/14/2014 11:30,Go Ahead and Spoil Yourself,russian hill,,3699,1,-122.419797,37.802927
11/14/2014 11:30,Waterfront Open Floorplan in Discovery Bay!,brentwood / oakley,2237,2600,4,-121.606851,37.905267
11/14/2014 11:30,CLOSE TO BEACH ! BART ! FERRY ! SHOPPING,alameda,725,1750,1,,
11/14/2014 10:12,Oversized one bedroom one bathroom with wrap around patio. ,napa county,,1775,1,,
11/14/2014 10:12,Traditional Novato Home with Mediterranean Accents,novato,2008,3150,4,-122.576228,38.08301
11/14/2014 10:51,Beautiful 4 Bed & 2.5 Bath Home Ready Now!,foster city,2070,3950,4,-122.263998,37.538308
11/14/2014 10:51,Corner unit - Superb Area West Side - Avail. now,san mateo,,2475,2,,
11/14/2014 10:51,"AMAZING WIDE WATER VIEWS | Resort Living | Private Dock | Pool, Spa",san mateo,1860,5495,3,-122.286146,37.563935
11/14/2014 11:35,Charming Home in Historic Saratoga Village and Schools,saratoga,2234,4200,3,,
11/14/2014 11:34,Great Unit - 2Br 2Ba - First Floor -Call Now !! ,sunnyvale,880,2395,2,-122.03182,37.354637
11/14/2014 11:34,"When expectation meets reality , Park Kiely ",san jose west,445,1759,,-121.923016,37.309312
11/14/2014 11:29,Charming Remodeled Furnished Garden Jr One Bed! Great Loc! ~ J.Wavro,pacific heights,,3395,,-122.430914,37.79113
11/14/2014 11:28,Move-in to our Furnished Studio Today! $200 Security Deposit!,pacific heights,,2599,,-122.429989,37.794895
11/14/2014 11:28,"STUDIO, Tour, Friday, Nov. 14, 4:00 pm ","512 Van Ness Avenue, Steps to Hayes Valley",428,2200,,-122.42025,37.780233
11/14/2014 11:30,SPRAWLING 5 BED 2.5 BATH COMING SOON IN BRENTWOOD!!,brentwood / oakley,3283,2500,5,-121.748772,37.910922
11/14/2014 11:29,Country Club Living in Beautiful Discovery Bay!!,brentwood / oakley,1992,1995,3,-121.59492,37.890417
11/14/2014 10:12,Spacious Sausalito Duplex with Bay Views!,sausalito,1500,3950,2,-122.486575,37.849951
11/14/2014 10:12,Stunning Views From This Updated Sausalito Home,sausalito,1920,7000,4,-122.485643,37.8519
11/14/2014 10:50,DOWNTOWN ALL NEW FLOORING/ ALL NEW APPLIANCES/ GRANITE ,san mateo,740,2225,1,-122.3225,37.5735
11/14/2014 10:50,"This 2x1 Home Is near Facebook, Google, & Other Area Employers",mountain view,910,3295,2,,
11/14/2014 10:49,All New Gourmet Kithchen/ Granite/ Palm Trees/ Pool/ Huge Balcony ,san mateo,740,2225,1,-122.3225,37.5735
11/14/2014 11:34,Don't be left behind & reserve What's In Style for January Move In!,san jose downtown,852,2371,1,,
11/14/2014 11:33,2BR*LUXURY APARTMENTS*Beautiful Empire**AVAILABLE NOW!!!!!,san jose west,1060,2399,2,-121.92206,37.30657
11/14/2014 11:25,"Modern 2BR/2BA Condo Near Fort Mason, Parking, Laundry Open Sun 2pm",marina / cow hollow,,4995,2,-122.428164,37.803545
11/14/2014 11:25,Beautiful corner apartments with amazing city view!,SOMA / south beach,1309,4745,2,-122.394304,37.776007
11/14/2014 11:28,GREAT ONE STORY 3 BED 2 BATH HOME NOW AVAILABLE IN OAKLEY,brentwood / oakley,1169,1595,3,-121.700084,37.987893
11/14/2014 11:28,A Unique Two Bedroom Layout! Very Open and Inviting!,vallejo / benicia,826,1454,2,-122.238344,38.079706
11/14/2014 11:28,3/2 newer home!ready now!,fairfield / vacaville,1500,1800,3,-122.042,38.2408
11/14/2014 10:09,Downtown Ross! Charming Cottage with lovely backyard and level lawn ! ,kentfield / ross,,8200,2,,
11/14/2014 10:07,Walking Distance to Gourmet Dining & Fine Shops,santa rosa,921,1749,2,-122.748764,38.467383
11/14/2014 10:47,Fantastic 1 Bedroom awaits you in Beautiful Menlo Park!,menlo park,810,2833,1,,
11/14/2014 11:31,"Large Two Bedroom! Walk-in Closet, Washer & Dryer! Great Special Too! ",milpitas,1128,2905,2,-121.927664,37.418777
11/14/2014 11:29,"☑☎1 month free on this brand new, never lived in apartment☎ ",san jose north,1044,2759,2,-121.918802,37.397778
11/14/2014 11:29,Love Where You Live! Downstairs Studio On SPECIAL!!! !,campbell,450,1525,,,
11/14/2014 11:25,"Fully Furnished, Luxury 3 BR/ 3 BA on Top of Russian Hill-BAY VIEWS!",russian hill,,7080,3,-122.419797,37.802927
11/14/2014 11:25,"1st FL., COZY,BRIGHT,FACE ST., SOME ST. NOISE, 2 BLOCKS TO UNION SQ!",nob hill,,2650,1,-122.410399,37.789955
11/14/2014 11:28,Hurry in today,dublin / pleasanton / livermore,887,2079,2,-121.737678,37.681045
11/14/2014 11:27,Fantastic home in desirable Vineyard Terrace,dublin / pleasanton / livermore,1231,2195,2,-121.77,37.7526
11/14/2014 11:26,One Month Free! Two Bedroom! Great Location!,emeryville,1036,3182,2,-122.292273,37.835971
11/14/2014 10:03,INVITING 2 BEDROOM APARTMENT WITH A GOURMET KITCHEN & POOL,santa rosa,,1639,2,-122.732548,38.466171
11/14/2014 10:02,Must go - Private Mt. Tam view condo ready to move in !,greenbrae,954,2650,2,-122.5363,37.9479
11/14/2014 09:58,Dominican Home w/ Hot Tub!,san rafael,1650,4400,4,,
11/14/2014 11:25,"2ND FL.,2/1, FACE AWAY ST., 2 BLOCKS TO UNION SQUARE!",nob hill,,3700,2,-122.408251,37.790227
11/14/2014 11:24,♦♦ Gorgeous 1-Bedroom in Nob Hill♦♦ ,nob hill,,3200,1,-122.407513,37.792252
11/14/2014 11:26,Pleasanton Home for Rent,dublin / pleasanton / livermore,2492,3800,4,-121.91582,37.67482
11/14/2014 11:26,Cozy 2 Bedroom on lovely tree-lined street: walk to BART ~ J.Wavro,berkeley,,2850,2,-122.27438,37.861326
11/14/2014 09:54,Homestead Valley & Almonte Area of Mill Valley Home! --PRANDI,mill valley,1628,4700,3,-122.532053,37.887976
11/14/2014 09:54,Quaint Sausalito 2 Bedroom Cottage Available! --PRANDI,sausalito,971,3000,2,-122.494625,37.862143
11/14/2014 09:54,Beautiful Condo with Panoramic Bay Views from Hills to East Bay!,sausalito,1225,3300,2,-122.4946,37.8601
11/14/2014 11:23,LOVE where you LIVE with Fabulous Views of SF!! ,noe valley,,3449,2,,
11/14/2014 11:21,Built in full size bed/efficiency kitchen/lots of storage ,downtown / civic / van ness,,2149,,-122.4186,37.7917
11/14/2014 09:53,Fabulous Top Floor 1x1 in Historic Downtown!,novato,892,2250,1,-122.565291,38.10182
11/14/2014 09:49,Classic 1br x 1Bath w/ large patio and great location!,201 Avian Dr.,700,1030,,-122.207,38.10623
11/14/2014 09:49,Recently renovated One Bedroom Apartment,santa rosa,615,1175,1,-122.674351,38.443105
11/14/2014 09:48,Large Two Story Condo W/Attached Garage,healdsburg / windsor,,1450,3,-123.01765,38.800571
11/14/2014 09:47,Near Downtown Cloverdale,healdsburg / windsor,,800,1,-123.019387,38.808357
